SchCode,Year,CountOfSSN,SumOfFTE,TeachersFullyLicCnt,TeachersProvCredCnt,TeachersEmgcyCredCnt,TeachersRegSum,TeachersHeadCnt,TeachersAdminSum,TeacherSupSum,TeacherSpedSum,TeachersMiscSum,TeachersCounsSum,TeachersLibrSum,TeachersFullyLicPct,TeachersProvCredPct,TeachersEmgcyCredPct,TeachersRegPct,TeachersHeadPct,TeachersAdminPct,TeachersSupPct,TeachersSpedPct,TeachersMiscPct,TeachersCounsPct,TeachersLibrPct,AvgTerm,AvgAge,MasterCnt,DoctorCnt,ClassesTaughtByNotHQT,TotalClassPeriods,ClassesTaughtByHQTPct,ClassesNotTaughtBYHQTPct,TotalTerm,RosterCount,RegularRatio,SPEDRatio,Staff5Years,PrincipalCount,TotalofPeriods,TotofPeriodsNotTaughtbyHQV6Z,ClassNotTaughtbyHQTchrs
"100","2013",45,38.5,37,0,2,32.5,39,3,0,6,0,2,1,.94871795,0,.05128205,.84415584,.86666667,.07792208,0,.15584416,0,.05194805,.02597403,14.289744,0,12,0,0,0,0,0,557.3,39,17.538462,7,22,1,157,13,.08280255
"101","2013",36,29,30,0,0,22,30,3,1,6,0,2,1,1,0,0,.75862069,.83333333,.10344828,.03448276,.20689655,0,.06896552,.03448276,16.51,0,10,0,0,0,0,0,495.3,30,19.545455,6.1666667,20,2,100,0,0
"102","2013",22,17.5,18,0,0,13.5,18,2,0,4,0,1,1,1,0,0,.77142857,.81818182,.11428571,0,.22857143,0,.05714286,.05714286,14.816667,0,9,0,0,0,0,0,266.7,18,16.518519,6.25,13,1,87,0,0
"103","2013",31,23,23,0,0,20,23,5,1,2,0,2,1,1,0,0,.86956522,.74193548,.2173913,.04347826,.08695652,0,.08695652,.04347826,12.243478,0,8,0,0,0,0,0,281.6,23,17.75,9.5,14,1,96,24,.25
"104","2013",32,23,23,0,0,16,23,6,1,6,0,2,1,1,0,0,.69565217,.71875,.26086957,.04347826,.26086957,0,.08695652,.04347826,15.069565,0,4,1,0,0,0,0,346.6,23,18.6875,5.8333333,17,2,83,0,0
"105","2013",56,46,45,0,1,36,46,7,2,8,0,2,1,.97826087,0,.02173913,.7826087,.82142857,.15217391,.04347826,.17391304,0,.04347826,.02173913,12.980435,0,12,0,0,0,0,0,597.1,46,19.833333,11.875,27,2,156,11,.07051282
"106","2013",161,135,134,0,1,105,135,13,12,18,2,10,1,.99259259,0,.00740741,.77777778,.83850932,.0962963,.08888889,.13333333,.01481481,.07407407,.00740741,15.360741,0,52,1,0,0,0,0,2073.7,135,20.904762,13.444444,98,2,306,14,.04575163
"107","2013",38,33.5,33,0,1,29.5,34,3,0,4,0,1,0,.97058824,0,.02941176,.88059701,.89473684,.08955224,0,.11940299,0,.02985075,0,10.426471,0,13,0,0,0,0,0,354.5,34,16.20339,8,17,2,120,0,0
"108","2013",33,28.5,29,0,0,25,29,3,.5,3,0,1,0,1,0,0,.87719298,.87878788,.10526316,.01754386,.10526316,0,.03508772,0,13.175862,0,8,0,0,0,0,0,382.1,29,19.6,7.3333333,18,1,88,0,0
"109","2013",23,18.5,19,0,0,17,19,2,.5,1,0,1,1,1,0,0,.91891892,.82608696,.10810811,.02702703,.05405405,0,.05405405,.05405405,15.636842,0,2,1,0,0,0,0,297.1,19,20.823529,8,15,3,91,0,0
"110","2013",30,23.5,23,0,1,16,24,4,.5,7,0,2,0,.95833333,0,.04166667,.68085106,.8,.17021277,.0212766,.29787234,0,.08510638,0,14.045833,0,9,0,0,0,0,0,337.1,24,11.875,7.8571429,13,2,96,15,.15625
"111","2013",27,23,23,0,0,18,23,2,1,4,0,1,1,1,0,0,.7826087,.85185185,.08695652,.04347826,.17391304,0,.04347826,.04347826,14.743478,0,7,0,0,0,0,0,339.1,23,20.388889,9.5,16,2,113,5,.04424779
"112","2013",46,39.5,39,0,1,28,40,2,4.5,7,0,3,1,.975,0,.025,.70886076,.86956522,.05063291,.11392405,.17721519,0,.07594937,.02531646,15.195,0,17,0,0,0,0,0,607.8,40,18.857143,6.4285714,24,1,135,0,0
"113","2013",28,24,24,0,0,17,24,2,1,6,0,2,0,1,0,0,.70833333,.85714286,.08333333,.04166667,.25,0,.08333333,0,18.416667,0,9,0,0,0,0,0,442,24,18.941176,6.3333333,16,1,115,0,0
"114","2013",33,27.5,29,0,0,22.5,29,3,1,4,0,1,0,1,0,0,.81818182,.87878788,.10909091,.03636364,.14545455,0,.03636364,0,15.958621,0,12,0,0,0,0,0,462.8,29,19.6,7.75,20,2,118,0,0
"115","2013",81,60,60,0,0,41,60,12,3,16,2,6,1,1,0,0,.68333333,.74074074,.2,.05,.26666667,.03333333,.1,.01666667,16.11,0,20,0,0,0,0,0,966.6,60,17.463415,9.125,46,2,163,26,.1595092
"116","2013",66,52,52,0,1,45.5,53,6,.5,6,0,6,1,.98113208,0,.01886792,.875,.8030303,.11538462,.00961538,.11538462,0,.11538462,.01923077,14.056604,0,21,1,0,0,0,0,745,53,19.582418,12.333333,31,1,194,7,.03608247
"117","2013",32,27,27,0,0,21,27,3,2,4,0,1,1,1,0,0,.77777778,.84375,.11111111,.07407407,.14814815,0,.03703704,.03703704,12.411111,0,13,0,0,0,0,0,335.1,27,18.285714,5,12,2,115,0,0
"118","2013",73,62,61,0,1,52,62,5,2,8,0,5,1,.98387097,0,.01612903,.83870968,.84931507,.08064516,.03225806,.12903226,0,.08064516,.01612903,12.379032,0,27,1,0,0,0,0,767.5,62,18.096154,11.375,37,2,321,52,.16199377
"119","2013",83,68.5,68,0,1,56.5,69,8,0,12,0,6,0,.98550725,0,.01449275,.82481752,.8313253,.11678832,0,.17518248,0,.08759124,0,12.528986,0,30,1,0,0,0,0,864.5,69,19.699115,12,43,2,270,17,.06296296
"120","2013",24,21,21,0,0,16,21,1.5,1,4,0,1,0,1,0,0,.76190476,.875,.07142857,.04761905,.19047619,0,.04761905,0,13.67619,0,11,0,0,0,0,0,287.2,21,16.3125,5.5,12,2,76,0,0
"121","2013",47,40,40,0,0,29,40,4,5,6,0,2,1,1,0,0,.725,.85106383,.1,.125,.15,0,.05,.025,12.5425,0,13,0,0,0,0,0,501.7,40,19.62069,7.1666667,28,2,144,0,0
"122","2013",23,17,18,0,0,13.5,18,3,.5,3,0,1,1,1,0,0,.79411765,.7826087,.17647059,.02941176,.17647059,0,.05882353,.05882353,8.5555556,0,4,0,0,0,0,0,154,18,19.851852,6,8,2,65,0,0
"123","2013",40,36,35,0,1,31,36,3,1,4,0,1,0,.97222222,0,.02777778,.86111111,.9,.08333333,.02777778,.11111111,0,.02777778,0,9.4333333,0,17,0,0,0,0,0,339.6,36,17.774194,7.5,18,2,130,6,.04615385
"124","2013",44,36,37,0,0,29.5,37,4,2.5,4,0,2,1,1,0,0,.81944444,.84090909,.11111111,.06944444,.11111111,0,.05555556,.02777778,16.002703,0,10,0,0,0,0,0,592.1,37,22.237288,3.75,28,1,134,0,0
"125","2013",25,22,19,0,3,18,22,1.5,1,3,0,1,0,.86363636,0,.13636364,.81818182,.88,.06818182,.04545455,.13636364,0,.04545455,0,13.036364,0,7,0,0,0,0,0,286.8,22,20.722222,9.3333333,11,1,110,0,0
"126","2013",62,52.5,53,0,0,42,53,5,4.5,6,0,3,1,1,0,0,.8,.85483871,.0952381,.08571429,.11428571,0,.05714286,.01904762,14.284906,0,20,0,0,0,0,0,757.1,53,19.02381,10.5,38,1,288,22,.07638889
"127","2013",28,22.5,24,0,0,17.5,24,2,0,5,0,1,.5,1,0,0,.77777778,.85714286,.08888889,0,.22222222,0,.04444444,.02222222,14.004167,0,7,0,0,0,0,0,336.1,24,16.342857,5.4,15,3,70,0,0
"128","2013",25,21,21,0,0,18,21,1.5,1,2,0,1,1,1,0,0,.85714286,.84,.07142857,.04761905,.0952381,0,.04761905,.04761905,12.371429,0,5,0,0,0,0,0,259.8,21,17,11.5,12,1,92,6,.06521739
"129","2013",30,26,25,0,1,22,26,2,1,3,0,1,1,.96153846,0,.03846154,.84615385,.86666667,.07692308,.03846154,.11538462,0,.03846154,.03846154,7.7615385,0,14,0,0,0,0,0,201.8,26,18.681818,7.3333333,10,3,90,0,0
"130","2013",30,26,26,0,0,22,26,2,0,4,0,2,0,1,0,0,.84615385,.86666667,.07692308,0,.15384615,0,.07692308,0,14.407692,0,9,0,0,0,0,0,374.6,26,18.772727,8,19,1,109,0,0
"131","2013",32,27,28,0,0,19,28,2,2,6,0,1,1,1,0,0,.7037037,.875,.07407407,.07407407,.22222222,0,.03703704,.03703704,10.610714,0,13,0,0,0,0,0,297.1,28,17.842105,5.3333333,15,2,104,0,0
"133","2013",21,17,17,0,0,14,17,2,1,2,0,1,1,1,0,0,.82352941,.80952381,.11764706,.05882353,.11764706,0,.05882353,.05882353,19.094118,0,8,0,0,0,0,0,324.6,17,11.357143,4.5,14,1,44,4,.09090909
"134","2013",30,26,25,0,1,18,26,2,2,6,0,1,1,.96153846,0,.03846154,.69230769,.86666667,.07692308,.07692308,.23076923,0,.03846154,.03846154,16.346154,0,5,2,0,0,0,0,425,26,18.222222,7.1666667,20,2,83,0,0
"135","2013",36,29,30,0,0,22,30,3,2,5,0,2,1,1,0,0,.75862069,.83333333,.10344828,.06896552,.17241379,0,.06896552,.03448276,16.293333,0,6,0,0,0,0,0,488.8,30,21.045455,7.2,23,2,155,15,.09677419
"136","2013",43,36.5,37,0,0,32.5,37,3,0,4,0,2,1,1,0,0,.89041096,.86046512,.08219178,0,.10958904,0,.05479452,.02739726,16.940541,0,14,1,0,0,0,0,626.8,37,18.738462,8.5,25,2,126,0,0
"137","2013",38,32,32,0,0,27,32,2,0,5,0,2.5,1,1,0,0,.84375,.84210526,.0625,0,.15625,0,.078125,.03125,12.2125,0,11,0,0,0,0,0,390.8,32,20.259259,8.2,19,1,133,0,0
"138","2013",120,101,96,0,6,81,102,8,3,17,2,7,1,.94117647,0,.05882353,.8019802,.85,.07920792,.02970297,.16831683,.01980198,.06930693,.00990099,15.392157,0,39,1,0,0,0,0,1570,102,19.691358,9.5294118,59,1,321,27,.08411215
"139","2013",59,44.5,42,0,3,36.5,45,10,0,8,0,3,1,.93333333,0,.06666667,.82022472,.76271186,.2247191,0,.17977528,0,.06741573,.02247191,12.957778,0,13,1,0,0,0,0,583.1,45,19.726027,12,27,1,177,31,.17514124
"140","2013",29,25,25,0,0,22,25,2,0,3,0,1,1,1,0,0,.88,.86206897,.08,0,.12,0,.04,.04,14.484,0,10,0,0,0,0,0,362.1,25,20.318182,6.6666667,21,1,114,0,0
"141","2013",24,20,20,0,0,18,20,2,0,2,0,1,1,1,0,0,.9,.83333333,.1,0,.1,0,.05,.05,17.185,0,5,0,0,0,0,0,343.7,20,19.722222,10.5,11,1,85,0,0
"142","2013",25,22,21,0,2,17,23,1,1,4,0,1,0,.91304348,0,.08695652,.77272727,.92,.04545455,.04545455,.18181818,0,.04545455,0,16.36087,0,6,0,0,0,0,0,376.3,23,15.941176,7.25,14,2,90,0,0
"143","2013",26,22,20,0,2,18,22,2,1,3,0,1,1,.90909091,0,.09090909,.81818182,.84615385,.09090909,.04545455,.13636364,0,.04545455,.04545455,13.509091,0,8,0,0,0,0,0,297.2,22,16.611111,7.3333333,15,2,67,4,.05970149
"145","2013",22,19,19,0,0,15,19,2,2,2,0,.5,0,1,0,0,.78947368,.86363636,.10526316,.10526316,.10526316,0,.02631579,0,14.789474,0,6,0,0,0,0,0,281,19,14.466667,6,12,2,68,0,0
"146","2013",100,82,82,0,0,65,82,9,3,14,2,6,1,1,0,0,.79268293,.82,.1097561,.03658537,.17073171,.02439024,.07317073,.01219512,14.889024,0,31,2,0,0,0,0,1220.9,82,20.030769,8.9285714,61,2,307,12,.03908795
"147","2013",30,27,27,0,0,18,27,2,2,7,0,1,0,1,0,0,.66666667,.9,.07407407,.07407407,.25925926,0,.03703704,0,13.277778,0,6,0,0,0,0,0,358.5,27,17.222222,6,19,1,101,0,0
"148","2013",51,42,42,0,0,33,42,5,1,8,0,3,.5,1,0,0,.78571429,.82352941,.11904762,.02380952,.19047619,0,.07142857,.01190476,13.919048,0,18,1,0,0,0,0,584.6,42,16.545455,10.125,25,3,246,59,.2398374
"149","2013",4,35,35,0,0,25,35,4,6,4,0,1,1,1,0,0,.25,1,0,0,.75,0,0,0,7,0,21,0,0,0,0,0,19.9,4,18.2,7.25,20,1,107,6,.05607477
"150","2013",31,26.5,27,0,0,23.5,27,2,1,2,0,1,.5,1,0,0,.88679245,.87096774,.0754717,.03773585,.0754717,0,.03773585,.01886792,11.896296,0,13,0,0,0,0,0,321.2,27,19.574468,11.5,19,1,118,0,0
"152","2013",63,53,53,0,0,42,53,5,4,7,0,4,1,1,0,0,.79245283,.84126984,.09433962,.0754717,.13207547,0,.0754717,.01886792,17.424528,0,25,0,0,0,0,0,923.5,53,17.47619,11.857143,41,1,285,56,.19649123
"153","2013",40,35,34,0,1,30,35,2,0,5,0,2,1,.97142857,0,.02857143,.85714286,.875,.05714286,0,.14285714,0,.05714286,.02857143,13.694286,0,14,0,0,0,0,0,479.3,35,18.966667,7.8,24,1,120,0,0
"154","2013",81,64,64,0,2,53,66,7,1,10,2,5,1,.96969697,0,.03030303,.828125,.81481481,.109375,.015625,.15625,.03125,.078125,.015625,12.559091,0,27,0,0,0,0,0,828.9,66,19.811321,12.1,34,1,304,38,.125
"155","2013",28,24,23,0,1,20,24,2,0,4,0,1,1,.95833333,0,.04166667,.83333333,.85714286,.08333333,0,.16666667,0,.04166667,.04166667,12.866667,0,9,0,0,0,0,0,308.8,24,18.2,5.5,13,2,104,5,.04807692
"200","2013",26,21,20,0,1,14,21,3,0,7,0,1,1,.95238095,0,.04761905,.66666667,.80769231,.14285714,0,.33333333,0,.04761905,.04761905,12.92381,0,7,0,0,0,0,0,271.4,21,18.642857,6.5714286,14,2,105,0,0
"201","2013",46,38,30,0,8,31,38,4,0,7,0,3,1,.78947368,0,.21052632,.81578947,.82608696,.10526316,0,.18421053,0,.07894737,.02631579,11.497368,0,16,0,0,0,0,0,436.9,38,16.16129,11.714286,24,1,167,5,.02994012
"202","2013",81,62,59,0,4,46.5,63,8,3.5,12,3,6,1,.93650794,0,.06349206,.75,.77777778,.12903226,.05645161,.19354839,.0483871,.09677419,.01612903,12.355556,0,23,2,0,0,0,0,778.4,63,20.709677,10.833333,42,2,246,43,.17479675
"203","2013",55,49,49,0,0,38,49,3,1,10,0,2,1,1,0,0,.7755102,.89090909,.06122449,.02040816,.20408163,0,.04081633,.02040816,13.42449,0,13,0,0,0,0,0,657.8,49,18.894737,9.9,34,2,208,2,.00961538
"204","2013",51,43,42,0,1,34,43,4,1,8,2,2,0,.97674419,0,.02325581,.79069767,.84313725,.09302326,.02325581,.18604651,.04651163,.04651163,0,14.913953,0,12,0,0,0,0,0,641.3,43,19.735294,12.125,29,1,205,20,.09756098
"206","2013",20,15,15,0,0,11,15,2,0,4,1,1,1,1,0,0,.73333333,.75,.13333333,0,.26666667,.06666667,.06666667,.06666667,18.773333,0,7,0,0,0,0,0,281.6,15,15.909091,5.75,13,1,55,0,0
"207","2013",76,65,61,0,5,47,66,4,8,10,1,4,1,.92424242,0,.07575758,.72307692,.86842105,.06153846,.12307692,.15384615,.01538462,.06153846,.01538462,12.018182,0,19,0,0,0,0,0,793.2,66,19,7.6,35,1,214,5,.02336449
"208","2013",47,40.5,39,0,2,31,41,2,1.5,8,0,3,1,.95121951,0,.04878049,.7654321,.87234043,.04938272,.03703704,.19753086,0,.07407407,.02469136,14.168293,0,20,0,0,0,0,0,580.9,41,17.903226,6.5,23,1,156,27,.17307692
"209","2013",43,37,37,0,0,32,37,3,0,5,0,2,1,1,0,0,.86486486,.86046512,.08108108,0,.13513514,0,.05405405,.02702703,15.827027,0,10,0,0,0,0,0,585.6,37,18.5625,9.8,26,1,139,0,0
"210","2013",33,28,28,0,0,22,28,2,0,6,0,2,1,1,0,0,.78571429,.84848485,.07142857,0,.21428571,0,.07142857,.03571429,20.567857,0,6,0,0,0,0,0,575.9,28,18.045455,6.6666667,26,2,147,0,0
"211","2013",36,31,31,0,0,24,31,3,1,6,0,2,0,1,0,0,.77419355,.86111111,.09677419,.03225806,.19354839,0,.06451613,0,11.422581,0,15,0,0,0,0,0,354.1,31,16.541667,6.8333333,19,2,108,8,.07407407
"212","2013",55,49,47,0,2,34,49,3,1,14,0,2,1,.95918367,0,.04081633,.69387755,.89090909,.06122449,.02040816,.28571429,0,.04081633,.02040816,13.15102,0,17,0,0,0,0,0,644.4,49,16.794118,5.3571429,28,1,173,4,.02312139
"214","2013",153,128,120,0,8,82,128,9,16,30,5,9,2,.9375,0,.0625,.640625,.83660131,.0703125,.125,.234375,.0390625,.0703125,.015625,13.199219,0,50,0,0,0,0,0,1689.5,128,19.134146,8.4333333,82,1,477,65,.13626834
"215","2013",44,38,38,0,0,31,38,3,1,6,0,2,1,1,0,0,.81578947,.86363636,.07894737,.02631579,.15789474,0,.05263158,.02631579,13.965789,0,12,1,0,0,0,0,530.7,38,19.870968,9.1666667,19,2,161,0,0
"216","2013",156,134,130,0,4,104,134,10,3,27,4,6,2,.97014925,0,.02985075,.7761194,.85897436,.07462687,.02238806,.20149254,.02985075,.04477612,.01492537,12.991791,0,53,2,0,0,0,0,1740.9,134,20.759615,10.592593,85,2,483,41,.08488613
"217","2013",43,37,37,0,0,33,37,3,0,4,0,2,1,1,0,0,.89189189,.86046512,.08108108,0,.10810811,0,.05405405,.02702703,14.305405,0,15,0,0,0,0,0,529.3,37,19.484848,7.75,24,2,114,0,0
"218","2013",136,114.5,115,0,1,94.5,116,9,4,16,3,6,2,.99137931,0,.00862069,.82532751,.85294118,.07860262,.0349345,.13973799,.02620087,.05240175,.01746725,13.205172,0,53,1,0,0,0,0,1531.8,116,19.62963,10.3125,77,1,469,37,.07889126
"219","2013",53,45.5,46,0,0,36.5,46,4,3,6,0,3,0,1,0,0,.8021978,.86792453,.08791209,.06593407,.13186813,0,.06593407,0,15.284783,0,19,0,0,0,0,0,703.1,46,21.753425,13,33,1,168,7,.04166667
"220","2013",37,32,32,0,1,25,33,2,0,7,0,2,0,.96969697,0,.03030303,.78125,.89189189,.0625,0,.21875,0,.0625,0,16.984848,0,6,0,0,0,0,0,560.5,33,16.92,6.7142857,23,1,113,3,.02654867
"221","2013",46,41,40,0,1,34,41,3,0,7,0,2,0,.97560976,0,.02439024,.82926829,.89130435,.07317073,0,.17073171,0,.04878049,0,14.529268,0,19,0,0,0,0,0,595.7,41,19.852941,6.2857143,17,1,170,0,0
"222","2013",52,45,43,0,2,34,45,3,1,10,0,3,1,.95555556,0,.04444444,.75555556,.86538462,.06666667,.02222222,.22222222,0,.06666667,.02222222,10.455556,0,14,0,0,0,0,0,470.5,45,19.588235,7,30,2,117,4,.03418803
"223","2013",47,40,40,0,0,30,40,3,0,10,1,2,1,1,0,0,.75,.85106383,.075,0,.25,.025,.05,.025,13.55,0,15,0,0,0,0,0,542,40,16.9,6.6,28,2,92,0,0
"224","2013",84,70,70,0,0,58,70,7,1,11,2,4,1,1,0,0,.82857143,.83333333,.1,.01428571,.15714286,.02857143,.05714286,.01428571,12.248571,0,22,0,0,0,0,0,857.4,70,20.655172,9.3636364,44,2,264,20,.07575758
"225","2013",31,26.5,26,0,1,20.5,27,2,0,6,1,1,0,.96296296,0,.03703704,.77358491,.87096774,.0754717,0,.22641509,.03773585,.03773585,0,10.02963,0,6,0,0,0,0,0,270.8,27,17.707317,6.6666667,13,1,83,3,.03614458
"226","2013",76,65.5,65,0,1,51.5,66,4,1,13,0,5,1,.98484848,0,.01515152,.78625954,.86842105,.0610687,.01526718,.19847328,0,.07633588,.01526718,11.034848,0,24,0,0,0,0,0,728.3,66,17.417476,4.1538462,34,3,180,0,0
"227","2013",36,31,31,0,0,23,31,3,1,7,0,1,1,1,0,0,.74193548,.86111111,.09677419,.03225806,.22580645,0,.03225806,.03225806,15.345161,0,7,0,0,0,0,0,475.7,31,20.173913,4.4285714,21,1,102,8,.07843137
"228","2013",31,27,26,0,1,19,27,2,0,8,0,1,.5,.96296296,0,.03703704,.7037037,.87096774,.07407407,0,.2962963,0,.03703704,.01851852,8.0814815,0,13,0,0,0,0,0,218.2,27,18.684211,5.875,8,1,68,0,0
"229","2013",43,37,36,0,1,26,37,3,2,9,0,2,1,.97297297,0,.02702703,.7027027,.86046512,.08108108,.05405405,.24324324,0,.05405405,.02702703,11.632432,0,14,0,0,0,0,0,430.4,37,19.269231,6.3333333,21,2,130,0,0
"230","2013",68,58,58,0,0,42,58,5,1,15,1,3,1,1,0,0,.72413793,.85294118,.0862069,.01724138,.25862069,.01724138,.05172414,.01724138,13.744828,0,23,0,0,0,0,0,797.2,58,16.047619,8.4,38,2,269,47,.17472119
"231","2013",39,32,32,0,0,27,32,3,0,5,1,2,1,1,0,0,.84375,.82051282,.09375,0,.15625,.03125,.0625,.03125,14.075,0,11,0,0,0,0,0,450.4,32,19.62963,6.8,24,1,129,0,0
"232","2013",53,41,37,0,4,30,41,7,3,8,1,4,0,.90243902,0,.09756098,.73170732,.77358491,.17073171,.07317073,.19512195,.02439024,.09756098,0,12.668293,0,16,0,0,0,0,0,519.4,41,17.866667,10.375,22,1,187,35,.18716578
"233","2013",42,36.5,36,0,1,26.5,37,3,1,9,0,2,0,.97297297,0,.02702703,.7260274,.88095238,.08219178,.02739726,.24657534,0,.05479452,0,12.072973,0,10,0,0,0,0,0,446.7,37,15.924528,7.2222222,22,2,120,10,.08333333
"234","2013",41,37,37,0,0,30,37,2,0,7,0,2,0,1,0,0,.81081081,.90243902,.05405405,0,.18918919,0,.05405405,0,10.916216,0,14,0,0,0,0,0,403.9,37,20.333333,5.1428571,21,3,104,0,0
"235","2013",32,27,27,0,0,23,27,2,0,4,0,2,1,1,0,0,.85185185,.84375,.07407407,0,.14814815,0,.07407407,.03703704,15.148148,0,9,0,0,0,0,0,409,27,17.869565,6.75,22,1,120,0,0
"236","2013",57,49.5,50,0,0,37.5,50,3,0,12,0,3,1,1,0,0,.75757576,.87719298,.06060606,0,.24242424,0,.06060606,.02020202,12.092,0,22,1,0,0,0,0,604.6,50,15.946667,5.8333333,24,3,157,0,0
"237","2013",62,49,34,0,15,37,49,10,3,9,0,3,0,.69387755,0,.30612245,.75510204,.79032258,.20408163,.06122449,.18367347,0,.06122449,0,8.6081633,0,11,0,0,0,0,0,421.8,49,20.594595,12,11,1,251,85,.33864542
"238","2013",123,101,98,0,3,80,101,9,0,21,7,5,1,.97029703,0,.02970297,.79207921,.82113821,.08910891,0,.20792079,.06930693,.04950495,.00990099,13.028713,0,39,1,0,0,0,0,1315.9,101,19.1125,8.0952381,71,2,418,77,.18421053
"239","2013",53,47,47,0,0,37,47,3,2,8,0,2,1,1,0,0,.78723404,.88679245,.06382979,.04255319,.17021277,0,.04255319,.0212766,14.812766,0,17,0,0,0,0,0,696.2,47,19.756757,7.625,31,1,235,0,0
"240","2013",68,59,59,0,0,47,59,5,0,12,0,3,1,1,0,0,.79661017,.86764706,.08474576,0,.20338983,0,.05084746,.01694915,14.120339,0,26,0,0,0,0,0,833.1,59,20.404255,4.6666667,38,1,205,0,0
"241","2013",62,54,54,0,0,44,54,5,1,9,0,3,0,1,0,0,.81481481,.87096774,.09259259,.01851852,.16666667,0,.05555556,0,18.340741,0,19,0,0,0,0,0,990.4,54,17.386364,8.4444444,44,1,229,0,0
"242","2013",43,38,38,0,0,31,38,3,0,7,0,2,0,1,0,0,.81578947,.88372093,.07894737,0,.18421053,0,.05263158,0,12.439474,0,11,0,0,0,0,0,472.7,38,20.129032,6.4285714,20,1,150,0,0
"243","2013",41,33,33,0,0,28,33,4,0,5,1,2,1,1,0,0,.84848485,.80487805,.12121212,0,.15151515,.03030303,.06060606,.03030303,15.948485,0,16,0,0,0,0,0,526.3,33,19.892857,7,24,1,114,0,0
"250","2013",94,86,86,0,0,73,86,4,1,12,0,3,1,1,0,0,.84883721,.91489362,.04651163,.01162791,.13953488,0,.03488372,.01162791,16.956977,0,20,1,0,0,0,0,1458.3,86,18.561644,6,64,2,356,2,.00561798
"251","2013",37,31,31,0,0,27,31,3,0,4,0,2,1,1,0,0,.87096774,.83783784,.09677419,0,.12903226,0,.06451613,.03225806,14.651613,0,14,0,0,0,0,0,454.2,31,21.444444,8.75,20,1,99,0,0
"252","2013",192,161,147,0,14,126,161,16,7,28,3,10,2,.91304348,0,.08695652,.7826087,.83854167,.09937888,.04347826,.17391304,.01863354,.0621118,.01242236,11.231056,0,60,4,0,0,0,0,1808.2,161,20.396825,8.9642857,78,2,625,102,.1632
"253","2013",83,74,75,0,0,60,75,4,8,6,0,3,1,1,0,0,.81081081,.90361446,.05405405,.10810811,.08108108,0,.04054054,.01351351,12.545333,0,22,1,0,0,0,0,940.9,75,17.433333,10.5,40,1,240,0,0
"254","2013",52,44,40,0,5,32,45,3,2,10,0,2,1,.88888889,0,.11111111,.72727273,.86538462,.06818182,.04545455,.22727273,0,.04545455,.02272727,7.5622222,0,18,0,0,0,0,0,340.3,45,20.3125,5.9,11,1,207,0,0
"255","2013",70,60,58,0,2,47,60,6,1,12,0,4,0,.96666667,0,.03333333,.78333333,.85714286,.1,.01666667,.2,0,.06666667,0,14.111667,0,17,0,0,0,0,0,846.7,60,18.170213,8.6666667,41,1,237,54,.2278481
"256","2013",53,47,47,0,0,37,47,3,0,10,0,2,1,1,0,0,.78723404,.88679245,.06382979,0,.21276596,0,.04255319,.0212766,12.923404,0,14,0,0,0,0,0,607.4,47,18.72973,6.9,26,2,197,0,0
"257","2013",69,59.5,59,0,1,46.5,60,6,2,11,2,0,1,.98333333,0,.01666667,.78151261,.86956522,.10084034,.03361345,.18487395,.03361345,0,.01680672,12.781667,0,11,0,0,0,0,0,766.9,60,18.645161,8.0909091,34,1,224,0,0
"258","2013",53,45,44,0,1,32,45,3,2,11,2,2,1,.97777778,0,.02222222,.71111111,.8490566,.06666667,.04444444,.24444444,.04444444,.04444444,.02222222,7.8511111,0,12,0,0,0,0,0,353.3,45,17.28125,7.9090909,20,2,145,0,0
"259","2013",35,31.5,31,0,1,26.5,32,2,0,5,0,1,0,.96875,0,.03125,.84126984,.91428571,.06349206,0,.15873016,0,.03174603,0,12.35,0,11,0,0,0,0,0,395.2,32,19.509434,9,20,2,140,0,0
"260","2013",31,27,27,0,0,22,27,2,1,4,0,1,1,1,0,0,.81481481,.87096774,.07407407,.03703704,.14814815,0,.03703704,.03703704,12.222222,0,8,0,0,0,0,0,330,27,19.409091,6.75,16,1,114,0,0
"261","2013",79,67,66,0,1,49,67,6,4,14,2,3,1,.98507463,0,.01492537,.73134328,.84810127,.08955224,.05970149,.20895522,.02985075,.04477612,.01492537,11.925373,0,25,0,0,0,0,0,799,67,17.22449,6.9285714,38,2,214,2,.00934579
"262","2013",37,29,24,0,5,23,29,4,1,5,2,1,1,.82758621,0,.17241379,.79310345,.78378378,.13793103,.03448276,.17241379,.06896552,.03448276,.03448276,8.7862069,0,10,0,0,0,0,0,254.8,29,16.826087,10.4,15,1,94,10,.10638298
"263","2013",95,73,60,0,13,43,73,9,4,26,4,8,1,.82191781,0,.17808219,.5890411,.76842105,.12328767,.05479452,.35616438,.05479452,.10958904,.01369863,9.8479452,0,26,0,0,0,0,0,718.9,73,16.55814,9.3076923,30,1,327,75,.2293578
"264","2013",29,26,25,0,1,20,26,2,0,6,0,1,0,.96153846,0,.03846154,.76923077,.89655172,.07692308,0,.23076923,0,.03846154,0,13.765385,0,4,0,0,0,0,0,357.9,26,19.65,5.6666667,16,1,106,0,0
"265","2013",37,32,32,0,0,25,32,2,1,6,1,1,1,1,0,0,.78125,.86486486,.0625,.03125,.1875,.03125,.03125,.03125,18.440625,0,10,0,0,0,0,0,590.1,32,19.6,8.5,29,1,120,5,.04166667
"266","2013",121,101,98,0,3,77,101,11,2,22,0,7,2,.97029703,0,.02970297,.76237624,.83471074,.10891089,.01980198,.21782178,0,.06930693,.01980198,14.835644,0,34,0,0,0,0,0,1498.4,101,19.545455,8.9090909,75,1,360,28,.07777778
"267","2013",30,26,26,0,0,21,26,2,0,5,0,1,1,1,0,0,.80769231,.86666667,.07692308,0,.19230769,0,.03846154,.03846154,16.307692,0,7,0,0,0,0,0,424,26,19.142857,8.2,17,2,128,0,0
"268","2013",32,28,28,0,0,22,28,2,0,6,0,1,1,1,0,0,.78571429,.875,.07142857,0,.21428571,0,.03571429,.03571429,10.167857,0,6,0,0,0,0,0,284.7,28,14.818182,6.1666667,11,1,110,0,0
"269","2013",39,34.5,35,0,0,28.5,35,3,1,5,0,1,0,1,0,0,.82608696,.8974359,.08695652,.02898551,.14492754,0,.02898551,0,10.2,0,11,0,0,0,0,0,357,35,19.438596,7.2,21,2,144,0,0
"270","2013",47,39,38,0,1,26,39,4,2,11,2,1,1,.97435897,0,.02564103,.66666667,.82978723,.1025641,.05128205,.28205128,.05128205,.02564103,.02564103,11.282051,0,17,0,0,0,0,0,440,39,19.230769,6.8181818,21,1,132,4,.03030303
"271","2013",68,57,56,0,2,46,58,4,3,8,3,2,1,.96551724,0,.03448276,.80701754,.85294118,.07017544,.05263158,.14035088,.05263158,.03508772,.01754386,9.9344828,0,11,0,0,0,0,0,576.2,58,18.043478,9.25,35,1,160,2,.0125
"272","2013",138,110,100,0,10,78,110,13,6,26,5,9,1,.90909091,0,.09090909,.70909091,.79710145,.11818182,.05454545,.23636364,.04545455,.08181818,.00909091,10.6,0,42,0,0,0,0,0,1166,110,18.051282,10.961538,64,2,357,33,.09243697
"273","2013",75,64,56,0,8,45,64,6,5,14,2,2,1,.875,0,.125,.703125,.85333333,.09375,.078125,.21875,.03125,.03125,.015625,11.207812,0,21,0,0,0,0,0,717.3,64,17.533333,11.285714,38,1,215,43,.2
"274","2013",80,72,71,0,1,52,72,3,9,11,0,4,1,.98611111,0,.01388889,.72222222,.9,.04166667,.125,.15277778,0,.05555556,.01388889,12.183333,0,21,0,0,0,0,0,877.2,72,19.384615,7.7272727,46,1,264,0,0
"275","2013",16,16,16,0,0,6,16,0,0,10,0,0,0,1,0,0,.375,1,0,0,.625,0,0,0,7.8125,0,3,0,0,0,0,0,125,16,137.16667,10.8,8,0,277,78,.28158845
"276","2013",58,47,46,0,2,34,48,7,6,7,0,2,1,.95833333,0,.04166667,.72340426,.82758621,.14893617,.12765957,.14893617,0,.04255319,.0212766,13.722917,0,15,0,0,0,0,0,658.7,48,21.676471,8.7142857,37,2,199,5,.02512563
"277","2013",175,145.5,137,0,9,104.5,146,15,14,27,2,10,2,.93835616,0,.06164384,.71821306,.83428571,.10309278,.09621993,.18556701,.0137457,.06872852,.0137457,13.568493,0,52,0,0,0,0,0,1981,146,21.062201,9.2222222,100,2,463,36,.07775378
"278","2013",93,79,77,0,2,54,79,6,13,12,0,6,2,.97468354,0,.02531646,.6835443,.84946237,.07594937,.16455696,.15189873,0,.07594937,.02531646,14.482278,0,35,0,0,0,0,0,1144.1,79,21.759259,9.5,53,1,309,48,.15533981
"279","2013",56,50,49,0,1,39,50,4,3,8,0,2,0,.98,0,.02,.78,.89285714,.08,.06,.16,0,.04,0,12.954,0,21,0,0,0,0,0,647.7,50,19.769231,8.875,31,2,168,15,.08928571
"280","2013",87,77,77,0,0,68,77,5,0,9,0,3,2,1,0,0,.88311688,.88505747,.06493506,0,.11688312,0,.03896104,.02597403,13.685714,0,21,0,0,0,0,0,1053.8,77,19.073529,9.5555556,62,2,304,0,0
"281","2013",50,43,41,0,2,34,43,3,0,9,0,3,1,.95348837,0,.04651163,.79069767,.86,.06976744,0,.20930233,0,.06976744,.02325581,12.995349,0,6,0,0,0,0,0,558.8,43,17.735294,6,29,1,138,19,.13768116
"282","2013",80,72,72,0,0,58,72,4,0,14,0,3,1,1,0,0,.80555556,.9,.05555556,0,.19444444,0,.04166667,.01388889,11.573611,0,14,0,0,0,0,0,833.3,72,18.206897,5.7142857,48,2,290,0,0
"283","2013",52,46,45,0,1,38,46,3,1,7,0,2,1,.97826087,0,.02173913,.82608696,.88461538,.06521739,.02173913,.15217391,0,.04347826,.02173913,12.117391,0,16,0,0,0,0,0,557.4,46,17.842105,7.2857143,24,2,195,0,0
"285","2013",24,20,20,0,0,19,20,2,0,1,0,1,1,1,0,0,.95,.83333333,.1,0,.05,0,.05,.05,19.015,0,3,0,0,0,0,0,380.3,20,21.526316,6,18,1,53,0,0
"286","2013",46,39,35,0,4,31,39,4,1,7,0,2,1,.8974359,0,.1025641,.79487179,.84782609,.1025641,.02564103,.17948718,0,.05128205,.02564103,10.930769,0,14,0,0,0,0,0,426.3,39,18.677419,8,14,1,198,35,.17676768
"287","2013",63,56,56,0,0,47,56,3,2,7,0,3,1,1,0,0,.83928571,.88888889,.05357143,.03571429,.125,0,.05357143,.01785714,14.582143,0,16,0,0,0,0,0,816.6,56,19.510638,10,40,2,168,0,0
"288","2013",41,36,36,0,0,29,36,3,1,6,0,1,1,1,0,0,.80555556,.87804878,.08333333,.02777778,.16666667,0,.02777778,.02777778,15.225,0,15,0,0,0,0,0,548.1,36,17.896552,7.3333333,29,1,156,0,0
"290","2013",47,42,42,0,0,31,42,3,1,10,0,2,0,1,0,0,.73809524,.89361702,.07142857,.02380952,.23809524,0,.04761905,0,13.330952,0,12,0,0,0,0,0,559.9,42,17.709677,6.5,19,2,130,0,0
"291","2013",102,85,84,0,1,66,85,9,3,16,1,6,1,.98823529,0,.01176471,.77647059,.83333333,.10588235,.03529412,.18823529,.01176471,.07058824,.01176471,10.543529,0,35,0,0,0,0,0,896.2,85,19.575758,10.875,49,2,320,22,.06875
"292","2013",134,115,114,0,1,88,115,9,3,24,1,8,1,.99130435,0,.00869565,.76521739,.85820896,.07826087,.02608696,.20869565,.00869565,.06956522,.00869565,11.65913,0,48,1,0,0,0,0,1340.8,115,20.602273,9.6666667,79,2,491,84,.17107943
"294","2013",54,48,47,0,1,43,48,3,0,5,0,2,1,.97916667,0,.02083333,.89583333,.88888889,.0625,0,.10416667,0,.04166667,.02083333,9.4666667,0,14,0,0,0,0,0,454.4,48,18.534884,8.8,25,1,214,25,.11682243
"296","2013",47,41,34,0,7,35,41,4,0,6,0,2,0,.82926829,0,.17073171,.85365854,.87234043,.09756098,0,.14634146,0,.04878049,0,9.6609756,0,16,1,0,0,0,0,396.1,41,21.171429,12,0,1,146,4,.02739726
"300","2013",34,29,30,0,0,25,30,2,0,4,0,1,1,1,0,0,.86206897,.88235294,.06896552,0,.13793103,0,.03448276,.03448276,17.476667,0,10,0,0,0,0,0,524.3,30,17.56,7.75,21,2,119,0,0
"301","2013",102,82,79,0,3,53,82,12.5,7,22,0,5,1,.96341463,0,.03658537,.64634146,.80392157,.15243902,.08536585,.26829268,0,.06097561,.01219512,14.593902,0,29,3,0,0,0,0,1196.7,82,19.773585,8.4090909,56,1,252,38,.15079365
"302","2013",33,28.5,27,0,2,23.5,29,2,0,5,0,1,1,.93103448,0,.06896552,.8245614,.87878788,.07017544,0,.1754386,0,.03508772,.03508772,9.7482759,0,13,1,0,0,0,0,282.7,29,20,7.6,16,1,88,4,.04545455
"303","2013",26,22,22,0,0,15,22,2,2,5,0,1,.5,1,0,0,.68181818,.84615385,.09090909,.09090909,.22727273,0,.04545455,.02272727,12.754545,0,8,0,0,0,0,0,280.6,22,17.4,7.2,11,2,90,0,0
"304","2013",36,29.5,30,0,0,21.5,30,4,1,7,0,1,.5,1,0,0,.72881356,.83333333,.13559322,.03389831,.23728814,0,.03389831,.01694915,18.963333,0,12,0,0,0,0,0,568.9,30,19.44186,6.4285714,25,2,115,0,0
"305","2013",13,9,9,0,0,8,9,2,0,1,0,.5,1,1,0,0,.88888889,.69230769,.22222222,0,.11111111,0,.05555556,.11111111,14.688889,0,3,1,0,0,0,0,132.2,9,15.625,9,8,2,35,0,0
"306","2013",28,25,23,0,2,17,25,1.5,1,7,0,1,0,.92,0,.08,.68,.89285714,.06,.04,.28,0,.04,0,10.224,0,7,0,0,0,0,0,255.6,25,14.882353,7.8571429,12,1,109,0,0
"307","2013",117,100,97,0,3,80,100,7,6,14,2,7,1,.97,0,.03,.8,.85470085,.07,.06,.14,.02,.07,.01,13.73,0,26,5,0,0,0,0,1373,100,15.825,13.714286,71,1,412,50,.12135922
"308","2013",33,27.5,28,0,0,17.5,28,3,0,10,0,1,1,1,0,0,.63636364,.84848485,.10909091,0,.36363636,0,.03636364,.03636364,13.389286,0,12,0,0,0,0,0,374.9,28,17.142857,5,17,1,95,2,.02105263
"309","2013",67,49,47,0,3,32,50,8,5,12,2,6,1,.94,0,.06,.65306122,.74626866,.16326531,.10204082,.24489796,.04081633,.12244898,.02040816,11.534,0,14,1,0,0,0,0,576.7,50,22.1875,9.75,36,1,214,42,.19626168
"310","2013",55,47,42,0,5,33,47,5,1,13,0,2,1,.89361702,0,.10638298,.70212766,.85454545,.10638298,.0212766,.27659574,0,.04255319,.0212766,10.244681,0,20,2,0,0,0,0,481.5,47,18.090909,9.0769231,20,2,147,27,.18367347
"311","2013",37,33,33,0,0,25,33,3,1,7,0,1,0,1,0,0,.75757576,.89189189,.09090909,.03030303,.21212121,0,.03030303,0,17.987879,0,13,0,0,0,0,0,593.6,33,18.72,6.5714286,24,1,93,0,0
"312","2013",61,47.5,44,0,4,37.5,48,7,1,9,2,3,1,.91666667,0,.08333333,.78947368,.78688525,.14736842,.02105263,.18947368,.04210526,.06315789,.02105263,11.0375,0,24,1,0,0,0,0,529.8,48,20.24,10.666667,23,1,184,37,.20108696
"313","2013",41,35,35,0,0,31,35,3,0,4,0,2,1,1,0,0,.88571429,.85365854,.08571429,0,.11428571,0,.05714286,.02857143,17.362857,0,9,0,0,0,0,0,607.7,35,19.129032,11.5,26,2,128,2,.015625
"314","2013",22,18,17,0,1,14,18,2,1,3,0,1,1,.94444444,0,.05555556,.77777778,.81818182,.11111111,.05555556,.16666667,0,.05555556,.05555556,12.805556,0,6,0,0,0,0,0,230.5,18,16.571429,5.6666667,10,1,87,5,.05747126
"315","2013",40,34,35,0,0,28,35,2,2,4,0,2,1,1,0,0,.82352941,.875,.05882353,.05882353,.11764706,0,.05882353,.02941176,15.854286,0,15,0,0,0,0,0,554.9,35,19.428571,10.75,22,2,159,23,.14465409
"317","2013",15,11,11,0,0,8,11,2,0,3,0,1,1,1,0,0,.72727273,.73333333,.18181818,0,.27272727,0,.09090909,.09090909,19.009091,0,0,0,0,0,0,0,209.1,11,16.875,5.6666667,10,2,35,0,0
"318","2013",49,40,40,0,0,28,40,5,5,7,0,3,1,1,0,0,.7,.81632653,.125,.125,.175,0,.075,.025,18.7475,0,12,0,0,0,0,0,749.9,40,17.75,14.857143,32,1,185,28,.15135135
"319","2013",47,39.5,40,0,1,31.5,41,3,2,6,0,2,1,.97560976,0,.02439024,.79746835,.87234043,.07594937,.05063291,.15189873,0,.05063291,.02531646,12.404878,0,10,0,0,0,0,0,508.6,41,20.444444,6.5,24,2,150,10,.06666667
"320","2013",21,19.5,20,0,0,17.5,20,0,0,2,0,1,0,1,0,0,.8974359,.95238095,0,0,.1025641,0,.05128205,0,13.39,0,10,0,0,0,0,0,267.8,20,18.628571,8.5,15,0,70,0,0
"321","2013",30,24,24,0,0,18,24,3,1,5,0,2,1,1,0,0,.75,.8,.125,.04166667,.20833333,0,.08333333,.04166667,15.195833,0,11,0,0,0,0,0,364.7,24,17.055556,9.4,20,1,101,0,0
"322","2013",62,54,50,0,4,42,54,4,0,12,0,3,1,.92592593,0,.07407407,.77777778,.87096774,.07407407,0,.22222222,0,.05555556,.01851852,11.17037,0,28,0,0,0,0,0,603.2,54,20.261905,6.75,31,2,148,4,.02702703
"323","2013",31,25,25,0,0,14,25,3,2,9,0,2,1,1,0,0,.56,.80645161,.12,.08,.36,0,.08,.04,18.272,0,10,0,0,0,0,0,456.8,25,16.5,6.6666667,19,2,102,5,.04901961
"324","2013",20,16,16,0,0,11,16,3,2,3,0,1,0,1,0,0,.6875,.8,.1875,.125,.1875,0,.0625,0,13.04375,0,4,0,0,0,0,0,208.7,16,19.181818,7.6666667,11,2,62,0,0
"325","2013",33,29,28,0,1,23,29,3,0,6,0,1,0,.96551724,0,.03448276,.79310345,.87878788,.10344828,0,.20689655,0,.03448276,0,14.617241,0,5,0,0,0,0,0,423.9,29,17.565217,7,22,2,106,0,0
"326","2013",8,7,7,0,0,5,7,1,0,2,0,0,0,1,0,0,.71428571,.875,.14285714,0,.28571429,0,0,0,13.185714,0,2,0,0,0,0,0,92.3,7,12.8,5,3,2,32,0,0
"327","2013",40,33,33,0,0,26,33,4,1,6,0,2,1,1,0,0,.78787879,.825,.12121212,.03030303,.18181818,0,.06060606,.03030303,12.406061,0,10,0,0,0,0,0,409.4,33,17.153846,10.333333,21,1,152,0,0
"330","2013",14,10,10,0,0,9,10,2,0,1,0,1,1,1,0,0,.9,.71428571,.2,0,.1,0,.1,.1,9.31,0,3,0,0,0,0,0,93.1,10,18.222222,14,4,3,35,0,0
"331","2013",33,28,29,0,0,24,29,3,0,4,0,1,0,1,0,0,.85714286,.87878788,.10714286,0,.14285714,0,.03571429,0,15.213793,0,5,0,0,0,0,0,441.2,29,19.458333,9.25,17,1,123,0,0
"335","2013",30,24.5,25,0,0,18.5,25,2,1,5,1,.5,1,1,0,0,.75510204,.83333333,.08163265,.04081633,.20408163,.04081633,.02040816,.04081633,13.284,0,5,0,0,0,0,0,332.1,25,16.486486,8.8,17,2,108,2,.01851852
"351","2013",26,23,23,0,0,19,23,2,0,4,0,1,0,1,0,0,.82608696,.88461538,.08695652,0,.17391304,0,.04347826,0,17.13913,0,9,0,0,0,0,0,394.2,23,19.473684,7.75,18,1,58,0,0
"352","2013",12,10,10,0,0,9,10,1,0,1,0,1,0,1,0,0,.9,.83333333,.1,0,.1,0,.1,0,10.56,0,1,0,0,0,0,0,105.6,10,18.666667,10,7,2,35,0,0
"353","2013",61,53,50,0,3,40,53,4,3,10,2,2,0,.94339623,0,.05660377,.75471698,.86885246,.0754717,.05660377,.18867925,.03773585,.03773585,0,14.101887,0,13,0,0,0,0,0,747.4,53,16.975,7.7,39,1,180,0,0
"354","2013",78,63,62,0,1,42,63,7,3,18,2,5,1,.98412698,0,.01587302,.66666667,.80769231,.11111111,.04761905,.28571429,.03174603,.07936508,.01587302,13.339683,0,19,1,0,0,0,0,840.4,63,16.714286,9.7222222,44,3,331,105,.31722054
"355","2013",97,80,80,0,2,58,82,7,2,20,2,5,1,.97560976,0,.02439024,.725,.84536082,.0875,.025,.25,.025,.0625,.0125,14.146341,0,27,2,0,0,0,0,1160,82,17.810345,10.05,51,1,310,22,.07096774
"356","2013",37,30.5,30,0,1,24,31,4,0,6.5,0,2,0,.96774194,0,.03225806,.78688525,.83783784,.13114754,0,.21311475,0,.06557377,0,12.809677,0,5,1,0,0,0,0,397.1,31,17.125,9.5384615,23,2,125,7,.056
"357","2013",44,38.5,39,0,0,23.5,39,3,5,10,0,1,1,1,0,0,.61038961,.88636364,.07792208,.12987013,.25974026,0,.02597403,.02597403,13.002564,0,16,0,0,0,0,0,507.1,39,16.340426,6.7,23,2,125,2,.016
"358","2013",33,28,25,0,3,25,28,3,0,3,0,1,1,.89285714,0,.10714286,.89285714,.84848485,.10714286,0,.10714286,0,.03571429,.03571429,15.164286,0,6,0,0,0,0,0,424.6,28,19.76,9.6666667,19,1,92,4,.04347826
"359","2013",14,11.5,11,0,1,8.5,12,2,1,2,0,0,0,.91666667,0,.08333333,.73913043,.85714286,.17391304,.08695652,.17391304,0,0,0,10.316667,0,1,0,0,0,0,0,123.8,12,15.058824,7,7,3,35,0,0
"360","2013",59,50,45,0,5,36,50,7,1,13,0,2,0,.9,0,.1,.72,.84745763,.14,.02,.26,0,.04,0,13.904,0,16,1,0,0,0,0,695.2,50,14.861111,9.9230769,30,2,202,38,.18811881
"361","2013",26,22,22,0,0,18,22,3,1,3,0,1,0,1,0,0,.81818182,.84615385,.13636364,.04545455,.13636364,0,.04545455,0,13.740909,0,7,0,0,0,0,0,302.3,22,20.5,5.3333333,9,2,64,0,0
"363","2013",13,10,10,0,0,7,10,2,0,3,0,1,0,1,0,0,.7,.76923077,.2,0,.3,0,.1,0,19.23,0,2,0,0,0,0,0,192.3,10,16.571429,6.3333333,6,2,44,7,.15909091
"365","2013",26,22,22,0,0,18,22,2,0,4,0,1,1,1,0,0,.81818182,.84615385,.09090909,0,.18181818,0,.04545455,.04545455,14.063636,0,5,0,0,0,0,0,309.4,22,14.944444,8.5,10,1,69,15,.2173913
"366","2013",17,14,9,0,5,11,14,2,0,3,0,1,0,.64285714,0,.35714286,.78571429,.82352941,.14285714,0,.21428571,0,.07142857,0,8.8571429,0,6,0,0,0,0,0,124,14,13.636364,10,6,3,63,14,.22222222
"367","2013",30,26,26,0,0,20,26,2,0,6,0,1,1,1,0,0,.76923077,.86666667,.07692308,0,.23076923,0,.03846154,.03846154,20.488462,0,8,0,0,0,0,0,532.7,26,16.25,8.8333333,20,2,109,0,0
"368","2013",51,40,34,0,6,29,40,7,3,8,2,2,0,.85,0,.15,.725,.78431373,.175,.075,.2,.05,.05,0,9.7875,0,12,1,0,0,0,0,391.5,40,15.310345,10.375,19,1,160,17,.10625
"369","2013",19,16,16,0,0,13,16,2,0,3,0,1,0,1,0,0,.8125,.84210526,.125,0,.1875,0,.0625,0,16.63125,0,6,0,0,0,0,0,266.1,16,19.692308,11.333333,11,1,72,0,0
"370","2013",54,45,43,0,2,30,45,4,4,11,2,3,0,.95555556,0,.04444444,.66666667,.83333333,.08888889,.08888889,.24444444,.04444444,.06666667,0,12.382222,0,18,1,0,0,0,0,557.2,45,17.2,6.4545455,30,2,174,14,.08045977
"371","2013",44,38,31,0,7,29,38,3.5,2,7,0,1,1,.81578947,0,.18421053,.76315789,.86363636,.09210526,.05263158,.18421053,0,.02631579,.02631579,11.584211,0,15,0,0,0,0,0,440.2,38,19.655172,7,21,2,132,4,.03030303
"372","2013",27,24,24,0,0,19,24,1,1,4,0,1,1,1,0,0,.79166667,.88888889,.04166667,.04166667,.16666667,0,.04166667,.04166667,14.804167,0,9,0,0,0,0,0,355.3,24,17.842105,11.25,17,2,126,0,0
"373","2013",26,19.5,19,0,1,13.5,20,4.5,0,6,0,1,0,.95,0,.05,.69230769,.76923077,.23076923,0,.30769231,0,.05128205,0,17.835,0,6,0,0,0,0,0,356.7,20,16,8,17,2,81,23,.28395062
"374","2013",52,43,41,0,2,34,43,4,1,8,2,2,1,.95348837,0,.04651163,.79069767,.82692308,.09302326,.02325581,.18604651,.04651163,.04651163,.02325581,12.337209,0,10,2,0,0,0,0,530.5,43,18.617647,9.25,26,1,175,16,.09142857
"375","2013",39,35,32,0,3,28,35,2,1,6,0,1,1,.91428571,0,.08571429,.8,.8974359,.05714286,.02857143,.17142857,0,.02857143,.02857143,16.048571,0,10,0,0,0,0,0,561.7,35,18.642857,5.6666667,22,1,130,0,0
"376","2013",43,37,31,0,6,30,37,4,1,6,0,1,1,.83783784,0,.16216216,.81081081,.86046512,.10810811,.02702703,.16216216,0,.02702703,.02702703,11.102703,0,12,0,0,0,0,0,410.8,37,15.666667,10.166667,16,2,142,31,.21830986
"377","2013",7,7,7,0,0,2,7,0,0,5,0,0,0,1,0,0,.28571429,1,0,0,.71428571,0,0,0,5.7428571,0,1,0,0,0,0,0,40.2,7,81,7.8,1,2,47,9,.19148936
"378","2013",19,13.5,13,0,1,11.5,14,3,0,2,0,1,1,.92857143,0,.07142857,.85185185,.73684211,.22222222,0,.14814815,0,.07407407,.07407407,10.435714,0,4,0,0,0,0,0,146.1,14,14.173913,7,8,2,71,7,.09859155
"379","2013",47,38,38,0,0,28,38,5,0,10,2,2,0,1,0,0,.73684211,.80851064,.13157895,0,.26315789,.05263158,.05263158,0,12.531579,0,16,0,0,0,0,0,476.2,38,17.107143,5.3,19,2,138,5,.03623188
"380","2013",36,30,29,0,1,20,30,3,4,6,2,1,0,.96666667,0,.03333333,.66666667,.83333333,.1,.13333333,.2,.06666667,.03333333,0,7.64,0,9,0,0,0,0,0,229.2,30,18,4.6666667,15,2,84,0,0
"381","2013",36,27,27,0,0,20,27,5,1,6,2,2,0,1,0,0,.74074074,.75,.18518519,.03703704,.22222222,.07407407,.07407407,0,11.255556,0,8,0,0,0,0,0,303.9,27,20.9,8.6666667,13,3,138,0,0
"382","2013",21,17,14,0,3,14,17,2,0,3,0,2,0,.82352941,0,.17647059,.82352941,.80952381,.11764706,0,.17647059,0,.11764706,0,11.929412,0,9,0,0,0,0,0,202.8,17,15.142857,6.6666667,8,1,84,17,.20238095
"383","2013",61,50,49,0,1,35,50,7,3,12,2,2,0,.98,0,.02,.7,.81967213,.14,.06,.24,.04,.04,0,15.394,0,24,0,0,0,0,0,769.7,50,15.542857,10.416667,32,2,270,51,.18888889
"384","2013",54,48,47,0,1,42,48,3,0,6,0,2,1,.97916667,0,.02083333,.875,.88888889,.0625,0,.125,0,.04166667,.02083333,14.927083,0,14,0,0,0,0,0,716.5,48,19.119048,7.8333333,34,2,145,1,.00689655
"385","2013",60,52,52,0,0,44,52,4,0,8,0,3,1,1,0,0,.84615385,.86666667,.07692308,0,.15384615,0,.05769231,.01923077,15.484615,0,15,0,0,0,0,0,805.2,52,16.568182,14.375,35,2,209,9,.0430622
"386","2013",50,45,45,0,0,35,45,2,1,9,0,2,1,1,0,0,.77777778,.9,.04444444,.02222222,.2,0,.04444444,.02222222,14.931111,0,9,0,0,0,0,0,671.9,45,18.628571,8.5555556,26,1,127,4,.03149606
"387","2013",41,36,32,0,4,28,36,3,2,6,1,1,0,.88888889,0,.11111111,.77777778,.87804878,.08333333,.05555556,.16666667,.02777778,.02777778,0,11.694444,0,16,0,0,0,0,0,421,36,18.25,6.8333333,21,1,120,0,0
"388","2013",75,65.5,65,0,1,48.5,66,4,1,16,0,4,1,.98484848,0,.01515152,.74045802,.88,.0610687,.01526718,.24427481,0,.0610687,.01526718,10.684848,0,27,0,0,0,0,0,705.2,66,19.278351,6,35,1,201,0,0
"389","2013",84,69.5,70,0,0,55.5,70,7,1,13,0,6,1,1,0,0,.79856115,.83333333,.10071942,.01438849,.18705036,0,.08633094,.01438849,16.035714,0,25,0,0,0,0,0,1122.5,70,18.216216,11.384615,51,1,257,25,.09727626
"390","2013",54,48.5,44,0,5,36.5,49,5,2,10,0,0,0,.89795918,0,.10204082,.75257732,.90740741,.10309278,.04123711,.20618557,0,0,0,14.220408,0,16,0,0,0,0,0,696.8,49,17.315068,8.2,34,2,243,9,.03703704
"391","2013",53,44.5,44,0,1,31.5,45,3,0,13,2,2,1,.97777778,0,.02222222,.70786517,.8490566,.06741573,0,.29213483,.04494382,.04494382,.02247191,11.613333,0,15,0,0,0,0,0,522.6,45,17.079365,5.4615385,27,1,168,5,.0297619
"392","2013",100,81,77,0,6,62,83,8,3,16,2,5,2,.92771084,0,.07228916,.7654321,.83,.09876543,.03703704,.19753086,.02469136,.0617284,.02469136,10.43494,0,25,2,0,0,0,0,866.1,83,21.419355,8.875,50,1,255,21,.08235294
"393","2013",57,50.5,44,0,7,42.5,51,4,0,8,0,1,1,.8627451,0,.1372549,.84158416,.89473684,.07920792,0,.15841584,0,.01980198,.01980198,9.6980392,0,18,0,0,0,0,0,494.6,51,17.105882,9.625,29,1,233,14,.06008584
"394","2013",7,23.5,22,0,2,16,24,4,3.5,4,0,1.6,0,1,0,0,.28571429,1,0,0,.71428571,0,0,0,12,0,13,0,0,0,0,0,71.9,7,14.8125,9,17,3,73,13,.17808219
"395","2013",31,26,26,0,0,21,26,3,0,5,0,1,1,1,0,0,.80769231,.83870968,.11538462,0,.19230769,0,.03846154,.03846154,15.680769,0,10,0,0,0,0,0,407.7,26,16.714286,10.8,18,2,108,4,.03703704
"396","2013",6,6,6,0,0,2,6,0,0,4,0,0,0,1,0,0,.33333333,1,0,0,.66666667,0,0,0,7.2166667,0,3,0,0,0,0,0,43.3,6,148,13.25,1,0,74,14,.18918919
"397","2013",2,2,2,0,0,1,2,0,0,1,0,0,0,1,0,0,.5,1,0,0,.5,0,0,0,20.85,0,0,0,0,0,0,0,41.7,2,216,20,1,0,98,46,.46938776
"398","2013",1,1,1,0,0,0,1,0,0,1,0,0,0,1,0,0,0,1,0,0,1,0,0,0,3.2,0,0,0,0,0,0,0,3.2,1,0,10,0,0,42,27,.64285714
"399","2013",16,16,16,0,0,15,16,0,0,1,0,0,0,1,0,0,.9375,1,0,0,.0625,0,0,0,12.43125,0,8,0,0,0,0,0,198.9,16,13.666667,15,10,0,157,13,.08280255
"400","2013",106,87.5,85,0,3,69.5,88,8,2,16,2,6,2,.96590909,0,.03409091,.79428571,.83018868,.09142857,.02285714,.18285714,.02285714,.06857143,.02285714,13.821591,0,38,1,0,0,0,0,1216.3,88,21.122302,8.125,57,3,316,53,.16772152
"401","2013",34,29,29,0,0,24,29,3,0,5,0,1,1,1,0,0,.82758621,.85294118,.10344828,0,.17241379,0,.03448276,.03448276,15.355172,0,11,0,0,0,0,0,445.3,29,18.291667,9.6,20,1,84,0,0
"402","2013",31,25.5,26,0,0,20.5,26,3,1,4,0,2,0,1,0,0,.80392157,.83870968,.11764706,.03921569,.15686275,0,.07843137,0,11.946154,0,9,0,0,0,0,0,310.6,26,14.780488,10.75,19,1,98,6,.06122449
"404","2013",60,53,51,0,2,44,53,4,0,9,0,2,1,.96226415,0,.03773585,.83018868,.88333333,.0754717,0,.16981132,0,.03773585,.01886792,11.183019,0,20,1,0,0,0,0,592.7,53,17.340909,8.6666667,32,2,186,13,.06989247
"405","2013",63,57,56,0,1,48,57,3,2,7,0,2,1,.98245614,0,.01754386,.84210526,.9047619,.05263158,.03508772,.12280702,0,.03508772,.01754386,12.838596,0,21,0,0,0,0,0,731.8,57,20.020833,9,29,1,229,9,.03930131
"406","2013",53,48,48,0,0,38,48,3,3,7,0,2,0,1,0,0,.79166667,.90566038,.0625,.0625,.14583333,0,.04166667,0,11.675,0,19,0,0,0,0,0,560.4,48,19.526316,8.2857143,30,1,158,4,.02531646
"407","2013",23,19,19,0,0,14,19,2,0,5,0,1,.5,1,0,0,.73684211,.82608696,.10526316,0,.26315789,0,.05263158,.02631579,12.368421,0,5,0,0,0,0,0,235,19,16.214286,5.8,14,1,70,0,0
"409","2013",68,63,63,0,0,50,63,3,5,8,0,2,0,1,0,0,.79365079,.92647059,.04761905,.07936508,.12698413,0,.03174603,0,10.314286,0,20,0,0,0,0,0,649.8,63,18.14,7.75,36,2,167,0,0
"410","2013",10,9,9,0,0,8,9,1,0,1,0,0,0,1,0,0,.88888889,.9,.11111111,0,.11111111,0,0,0,13.922222,0,2,0,0,0,0,0,125.3,9,8.25,9,6,1,35,5,.14285714
"411","2013",4,35,32,0,3,32,35,2,1,2,0,1,1,1,0,0,.25,1,0,0,.75,0,0,0,10,0,20,0,0,0,0,0,49.9,4,10.59375,10,22,2,91,11,.12087912
"412","2013",22,20,20,0,0,18,20,2,0,2,0,0,0,1,0,0,.9,.90909091,.1,0,.1,0,0,0,17.535,0,5,0,0,0,0,0,350.7,20,19.666667,12,17,1,106,0,0
"413","2013",51,43,42,0,1,30,43,4,3,10,0,3,1,.97674419,0,.02325581,.69767442,.84313725,.09302326,.06976744,.23255814,0,.06976744,.02325581,11.027907,0,20,0,0,0,0,0,474.2,43,17.866667,8.1,27,1,163,0,0
"414","2013",72,60,57,0,3,47,60,7,2,11,0,4,1,.95,0,.05,.78333333,.83333333,.11666667,.03333333,.18333333,0,.06666667,.01666667,11.631667,0,16,1,0,0,0,0,697.9,60,19.957447,11.363636,38,2,228,27,.11842105
"415","2013",49,41,37,0,4,29,41,6,2,10,0,2,0,.90243902,0,.09756098,.70731707,.83673469,.14634146,.04878049,.24390244,0,.04878049,0,10.234146,0,11,1,0,0,0,0,419.6,41,15.275862,8.7,17,1,182,30,.16483516
"416","2013",67,61,61,0,0,51,61,3,2,8,0,3,0,1,0,0,.83606557,.91044776,.04918033,.03278689,.13114754,0,.04918033,0,14.82459,0,18,0,0,0,0,0,904.3,61,18.372549,5.625,40,1,237,0,0
"417","2013",43,36.5,36,0,1,28.5,37,4,0,8,0,1,1,.97297297,0,.02702703,.78082192,.86046512,.10958904,0,.21917808,0,.02739726,.02739726,13.521622,0,8,0,0,0,0,0,500.3,37,16.77193,6.375,23,2,124,5,.04032258
"418","2013",128,110,109,0,1,89,110,9,1,20,0,7,2,.99090909,0,.00909091,.80909091,.859375,.08181818,.00909091,.18181818,0,.06363636,.01818182,12.482727,0,46,1,0,0,0,0,1373.1,110,18.932584,9.25,73,2,388,34,.08762887
"419","2013",7,5.5,6,0,0,5,6,1,0,.5,0,0,0,1,0,0,.90909091,.85714286,.18181818,0,.09090909,0,0,0,8.7666667,0,2,0,0,0,0,0,52.6,6,15.2,22,1,1,34,5,.14705882
"420","2013",65,56,56,0,0,44,56,5,0,12,0,3,1,1,0,0,.78571429,.86153846,.08928571,0,.21428571,0,.05357143,.01785714,16.485714,0,23,1,0,0,0,0,923.2,56,15.818182,9,35,1,233,24,.10300429
"421","2013",34,26,25,0,1,19,26,6,0,7,0,1,1,.96153846,0,.03846154,.73076923,.76470588,.23076923,0,.26923077,0,.03846154,.03846154,14.126923,0,8,0,0,0,0,0,367.3,26,14.473684,6.1428571,21,3,116,10,.0862069
"422","2013",22,19,18,0,2,17,20,2,0,2,0,0,0,.9,0,.1,.89473684,.90909091,.10526316,0,.10526316,0,0,0,12.565,0,4,0,0,0,0,0,251.3,20,17.470588,6.5,10,1,75,15,.2
"424","2013",55,50,50,0,0,42,50,3,1,7,0,2,0,1,0,0,.84,.90909091,.06,.02,.14,0,.04,0,13.794,0,13,0,0,0,0,0,689.7,50,18.071429,8.1428571,35,1,203,7,.03448276
"425","2013",61,56,56,0,0,48,56,3,0,8,0,2,0,1,0,0,.85714286,.91803279,.05357143,0,.14285714,0,.03571429,0,12.3,0,19,0,0,0,0,0,688.8,56,18.958333,6.25,32,1,235,0,0
"426","2013",34,30,30,0,0,25,30,2,0,5,0,1,1,1,0,0,.83333333,.88235294,.06666667,0,.16666667,0,.03333333,.03333333,14.826667,0,11,0,0,0,0,0,444.8,30,19.08,4.6,21,2,139,0,0
"428","2013",74,64,62,0,2,51,64,5,1,12,0,4,1,.96875,0,.03125,.796875,.86486486,.078125,.015625,.1875,0,.0625,.015625,13.18125,0,23,1,0,0,0,0,843.6,64,19.862745,8.25,35,1,230,15,.06521739
"429","2013",48,42,42,0,0,34,42,3,2,6,0,2,1,1,0,0,.80952381,.875,.07142857,.04761905,.14285714,0,.04761905,.02380952,11.104762,0,16,0,0,0,0,0,466.4,42,19.147059,8.8333333,23,2,174,15,.0862069
"430","2013",46,41,41,0,0,33,41,3,1,7,0,2,0,1,0,0,.80487805,.89130435,.07317073,.02439024,.17073171,0,.04878049,0,11.885366,0,16,0,0,0,0,0,487.3,41,15.939394,6.7142857,29,1,172,8,.04651163
"431","2013",44,40,40,0,0,34,40,2,0,6,0,2,0,1,0,0,.85,.90909091,.05,0,.15,0,.05,0,11.8025,0,13,0,0,0,0,0,472.1,40,16.941176,7.3333333,18,3,150,0,0
"433","2013",48,41,41,0,0,34,41,5,0,7,0,1,1,1,0,0,.82926829,.85416667,.12195122,0,.17073171,0,.02439024,.02439024,11.070732,0,14,0,0,0,0,0,453.9,41,18.5,6.5714286,19,1,181,0,0
"434","2013",17,13,13,0,0,11,13,3,0,2,0,1,0,1,0,0,.84615385,.76470588,.23076923,0,.15384615,0,.07692308,0,16.523077,0,3,0,0,0,0,0,214.8,13,16.272727,15,7,3,58,2,.03448276
"435","2013",77,66,66,0,0,50,66,6,0,16,0,4,1,1,0,0,.75757576,.85714286,.09090909,0,.24242424,0,.06060606,.01515152,11.643939,0,35,1,0,0,0,0,768.5,66,18.12,10,47,1,218,18,.08256881
"436","2013",1,0,0,0,0,0,0,1,0,0,0,0,0,,,,0,0,,0,0,0,0,0,0,0,0,0,0,0,0,0,,,0,0,0,1,,,
"447","2013",42,35,35,0,0,28,35,5,1,6,0,2,0,1,0,0,.8,.83333333,.14285714,.02857143,.17142857,0,.05714286,0,10.502857,0,11,1,0,0,0,0,367.6,35,19.5,13.333333,21,1,137,30,.2189781
"448","2013",60,51.5,52,0,0,42.5,52,5,1,8,0,3,0,1,0,0,.82524272,.86666667,.09708738,.01941748,.15533981,0,.05825243,0,12.667308,0,22,0,0,0,0,0,658.7,52,18.964706,10.5,32,1,219,27,.12328767
"451","2013",31,27,27,0,0,19,27,2,2,6,0,1,.5,1,0,0,.7037037,.87096774,.07407407,.07407407,.22222222,0,.03703704,.01851852,12.82963,0,8,0,0,0,0,0,346.4,27,21.157895,4.1666667,17,2,99,0,0
"452","2013",22,18.5,18,0,1,15.5,19,2,0,3,0,1,0,.94736842,0,.05263158,.83783784,.86363636,.10810811,0,.16216216,0,.05405405,0,9.9157895,0,4,0,0,0,0,0,188.4,19,18,7,10,1,64,0,0
"453","2013",38,31,32,0,0,25.5,32,3,1.5,4,0,2,.5,1,0,0,.82258065,.84210526,.09677419,.0483871,.12903226,0,.06451613,.01612903,16.315625,0,15,0,0,0,0,0,522.1,32,19.058824,7.25,20,1,101,0,0
"454","2013",62,56,55,0,1,45,56,3,1,10,0,2,1,.98214286,0,.01785714,.80357143,.90322581,.05357143,.01785714,.17857143,0,.03571429,.01785714,16.226786,0,15,0,0,0,0,0,908.7,56,17.288889,9.3,36,1,207,0,0
"455","2013",81,65,66,0,0,46,66,8,4,15,2,4,1,1,0,0,.70769231,.81481481,.12307692,.06153846,.23076923,.03076923,.06153846,.01538462,12.257576,0,24,0,0,0,0,0,809,66,20.26087,7.9333333,42,2,257,31,.12062257
"456","2013",83,68,67,0,2,52,69,7,5,11,1,5,1,.97101449,0,.02898551,.76470588,.8313253,.10294118,.07352941,.16176471,.01470588,.07352941,.01470588,10.926087,0,33,0,0,0,0,0,753.9,69,21.096154,10.818182,44,2,282,57,.20212766
"457","2013",49,43,43,0,0,34,43,3,2,7,0,2,1,1,0,0,.79069767,.87755102,.06976744,.04651163,.1627907,0,.04651163,.02325581,13.837209,0,10,0,0,0,0,0,595,43,16.558824,9.5714286,30,1,159,16,.10062893
"458","2013",26,23,23,0,0,20,23,2,0,3,0,1,0,1,0,0,.86956522,.88461538,.08695652,0,.13043478,0,.04347826,0,8.9826087,0,7,0,0,0,0,0,206.6,23,17.2,13.333333,10,1,73,1,.01369863
"459","2013",22,17.5,19,0,0,14.5,19,2,0,3,0,1,0,1,0,0,.82857143,.86363636,.11428571,0,.17142857,0,.05714286,0,14.242105,0,5,0,0,0,0,0,270.6,19,18.413793,7.3333333,13,2,56,0,0
"460","2013",22,19,19,0,0,16,19,2,0,3,0,1,0,1,0,0,.84210526,.86363636,.10526316,0,.15789474,0,.05263158,0,6.2210526,0,6,0,0,0,0,0,118.2,19,18.6875,6.3333333,5,2,75,0,0
"461","2013",1,1,0,0,1,1,1,0,0,0,0,0,0,0,0,1,1,1,0,0,0,0,0,0,26.9,0,0,0,0,0,0,0,26.9,1,14,0,1,0,43,43,1
"462","2013",48,39,39,0,0,25,39,5,7,7,2,2,0,1,0,0,.64102564,.8125,.12820513,.17948718,.17948718,.05128205,.05128205,0,16.65641,0,16,0,0,0,0,0,649.6,39,22.08,7.7142857,31,2,145,36,.24827586
"463","2013",61,55,55,0,0,46,55,3,2,7,0,2,1,1,0,0,.83636364,.90163934,.05454545,.03636364,.12727273,0,.03636364,.01818182,16.050909,0,22,1,0,0,0,0,882.8,55,18.565217,6.8571429,38,1,220,0,0
"464","2013",32,24,23,0,1,18,24,4,2,4,1,2,1,.95833333,0,.04166667,.75,.75,.16666667,.08333333,.16666667,.04166667,.08333333,.04166667,13.325,0,6,0,0,0,0,0,319.8,24,19.333333,10.75,16,1,109,5,.04587156
"466","2013",,0,0,0,0,0,0,0,0,0,0,0,0,,,,0,0,0,0,0,0,0,0,0,0,0,0,0,0,0,0,,,0,0,0,0,33,0,0
"470","2013",16,12,10,0,3,0,13,3,0,12,0,0,0,.76923077,0,.23076923,0,.8125,.25,0,1,0,0,0,7.9538462,0,9,0,0,0,0,0,103.4,13,0,4.6666667,4,1,100,47,.47
"475","2013",49,38,34,0,5,25.5,39,4,.5,12,0,5,1,.87179487,0,.12820513,.67105263,.79591837,.10526316,.01315789,.31578947,0,.13157895,.02631579,13.746154,0,13,1,0,0,0,0,536.1,39,2.7058824,4.5,25,2,203,72,.3546798
"540","2013",3,3,3,0,0,1,3,0,0,2,0,0,0,1,0,0,.33333333,1,0,0,.66666667,0,0,0,5.8,0,3,0,0,0,0,0,17.4,3,78,10,1,0,28,21,.75
"541","2013",4,4,4,0,0,1,4,0,0,3,0,0,0,1,0,0,.25,1,0,0,.75,0,0,0,4.6,0,3,0,0,0,0,0,18.4,4,253,9.6666667,1,0,97,7,.07216495
"542","2013",2,2,2,0,0,1,2,0,0,1,0,0,0,1,0,0,.5,1,0,0,.5,0,0,0,3.85,0,2,0,0,0,0,0,7.7,2,188,20,0,0,96,33,.34375
"543","2013",2,2,2,0,0,1,2,0,0,1,0,0,0,1,0,0,.5,1,0,0,.5,0,0,0,12.4,0,1,0,0,0,0,0,24.8,2,432,18,0,0,81,20,.24691358
"544","2013",9,6,6,0,0,6,6,1,0,0,0,2,0,1,0,0,1,.66666667,.16666667,0,0,0,.33333333,0,21.166667,0,2,0,0,0,0,0,127,6,75.833333,0,4,0,86,11,.12790698
"545","2013",48,45,45,0,0,43,45,2,0,2,0,1,0,1,0,0,.95555556,.9375,.04444444,0,.04444444,0,.02222222,0,10.722222,0,22,0,0,0,0,0,482.5,45,13.395349,17,29,0,103,0,0
"546","2013",2,2,2,0,0,1,2,0,0,1,0,0,0,1,0,0,.5,1,0,0,.5,0,0,0,11.95,0,0,0,0,0,0,0,23.9,2,61,12,1,0,48,27,.5625
"547","2013",,0,0,0,0,0,0,0,0,0,0,0,0,,,,0,0,0,0,0,0,0,0,0,0,0,0,0,0,0,0,,,0,0,0,0,56,0,0
"548","2013",14,12.5,13,0,0,10.5,13,1,0,2,0,0,0,1,0,0,.84,.92857143,.08,0,.16,0,0,0,8.8153846,0,5,0,0,0,0,0,114.6,13,19.52381,9.5,7,0,76,5,.06578947
"549","2013",7,5,5,0,0,4,5,1,0,1,0,1,0,1,0,0,.8,.71428571,.2,0,.2,0,.2,0,10.82,0,0,0,0,0,0,0,54.1,5,11.5,9,3,0,24,13,.54166667
"551","2013",6,6,6,0,0,3,6,0,0,3,0,0,0,1,0,0,.5,1,0,0,.5,0,0,0,6.95,0,3,0,0,0,0,0,41.7,6,282.33333,20,0,0,20,3,.15
"554","2013",4,4,4,0,0,1,4,0,0,3,0,0,0,1,0,0,.25,1,0,0,.75,0,0,0,4.6,0,3,0,0,0,0,0,18.4,4,482,7,1,0,94,5,.05319149
"556","2013",3,2,2,0,0,2,2,1,0,0,0,0,0,1,0,0,1,.66666667,.5,0,0,0,0,0,24.5,0,0,0,0,0,0,0,49,2,18,0,1,0,7,7,1
"557","2013",13,11.7,12,0,0,9.7,12,1,0,2,0,0,0,1,0,0,.82905983,.92307692,.08547009,0,.17094017,0,0,0,7.8583333,0,6,0,0,0,0,0,94.3,12,21.752577,12,5,0,56,9,.16071429
"560","2013",3,3,3,0,0,1,3,0,0,2,0,0,0,1,0,0,.33333333,1,0,0,.66666667,0,0,0,7.5666667,0,0,0,0,0,0,0,22.7,3,143,9.5,1,0,53,0,0
"561","2013",37,34.1,35,0,0,29.1,35,0,0,5,0,1.4,0,1,0,0,.85337243,.94594595,0,0,.14662757,0,.04105572,0,9.7171429,0,15,0,0,0,0,0,340.1,35,17.353952,8,19,0,150,50,.33333333
"562","2013",9,7.5,8,0,0,5.5,8,1,0,2,0,0,0,1,0,0,.73333333,.88888889,.13333333,0,.26666667,0,0,0,15.5375,0,4,0,0,0,0,0,124.3,8,47.272727,13,5,0,83,35,.42168675
"563","2013",1,1,1,0,0,0,1,0,0,1,0,0,0,1,0,0,0,1,0,0,1,0,0,0,4,0,0,0,0,0,0,0,4,1,0,4,0,0,62,27,.43548387
"564","2013",,0,0,0,0,0,0,0,0,0,0,0,0,,,,0,0,0,0,0,0,0,0,0,0,0,0,0,0,0,0,,,0,0,0,0,74,34,.45945946
"565","2013",1,.5,1,0,0,0,1,0,0,.5,0,0,0,1,0,0,0,1,0,0,1,0,0,0,20,0,0,0,0,0,0,0,20,1,0,12,0,0,26,0,0
"566","2013",1,1,1,0,0,0,1,0,0,1,0,0,0,1,0,0,0,1,0,0,1,0,0,0,4,0,1,0,0,0,0,0,4,1,0,10,0,0,77,40,.51948052
"567","2013",,0,0,0,0,0,0,0,0,0,0,0,0,,,,0,0,0,0,0,0,0,0,0,0,0,0,0,0,0,0,,,0,0,0,0,,,
"999","2013",,0,0,0,0,0,0,0,0,0,0,0,0,,,,0,0,0,0,0,0,0,0,0,0,0,0,0,0,0,0,,,0,0,0,0,,,
"100","2011",,,,,,,,,,,,,,,,,,,,,,,,,,,,,,,,,,,,,,,37,1,.027
"100","2012",,,,,,,,,,,,,,,,,,,,,,,,,,,,,,,,,,,,,,,40,1,.025
"101","2011",,,,,,,,,,,,,,,,,,,,,,,,,,,,,,,,,,,,,,,25,1,.04
"101","2012",,,,,,,,,,,,,,,,,,,,,,,,,,,,,,,,,,,,,,,28,0,0
"102","2011",,,,,,,,,,,,,,,,,,,,,,,,,,,,,,,,,,,,,,,18,0,0
"102","2012",,,,,,,,,,,,,,,,,,,,,,,,,,,,,,,,,,,,,,,19,0,0
"103","2011",,,,,,,,,,,,,,,,,,,,,,,,,,,,,,,,,,,,,,,73,30,.411
"103","2012",,,,,,,,,,,,,,,,,,,,,,,,,,,,,,,,,,,,,,,66,33,.5
"104","2011",,,,,,,,,,,,,,,,,,,,,,,,,,,,,,,,,,,,,,,108,0,0
"104","2012",,,,,,,,,,,,,,,,,,,,,,,,,,,,,,,,,,,,,,,94,2,.0212766
"105","2011",,,,,,,,,,,,,,,,,,,,,,,,,,,,,,,,,,,,,,,171,21,.1228
"105","2012",,,,,,,,,,,,,,,,,,,,,,,,,,,,,,,,,,,,,,,157,22,.14012739
"106","2011",,,,,,,,,,,,,,,,,,,,,,,,,,,,,,,,,,,,,,,349,41,.1175
"106","2012",,,,,,,,,,,,,,,,,,,,,,,,,,,,,,,,,,,,,,,347,35,.10086455
"107","2011",,,,,,,,,,,,,,,,,,,,,,,,,,,,,,,,,,,,,,,31,1,.0323
"107","2012",,,,,,,,,,,,,,,,,,,,,,,,,,,,,,,,,,,,,,,32,0,0
"108","2011",,,,,,,,,,,,,,,,,,,,,,,,,,,,,,,,,,,,,,,29,0,0
"108","2012",,,,,,,,,,,,,,,,,,,,,,,,,,,,,,,,,,,,,,,27,1,.03703704
"109","2011",,,,,,,,,,,,,,,,,,,,,,,,,,,,,,,,,,,,,,,20,0,0
"109","2012",,,,,,,,,,,,,,,,,,,,,,,,,,,,,,,,,,,,,,,19,0,0
"110","2011",,,,,,,,,,,,,,,,,,,,,,,,,,,,,,,,,,,,,,,107,52,.486
"110","2012",,,,,,,,,,,,,,,,,,,,,,,,,,,,,,,,,,,,,,,102,24,.23529412
"111","2011",,,,,,,,,,,,,,,,,,,,,,,,,,,,,,,,,,,,,,,22,0,0
"111","2012",,,,,,,,,,,,,,,,,,,,,,,,,,,,,,,,,,,,,,,23,0,0
"112","2011",,,,,,,,,,,,,,,,,,,,,,,,,,,,,,,,,,,,,,,39,1,.0256
"112","2012",,,,,,,,,,,,,,,,,,,,,,,,,,,,,,,,,,,,,,,40,2,.05
"113","2011",,,,,,,,,,,,,,,,,,,,,,,,,,,,,,,,,,,,,,,25,2,.08
"113","2012",,,,,,,,,,,,,,,,,,,,,,,,,,,,,,,,,,,,,,,23,1,.04347826
"114","2011",,,,,,,,,,,,,,,,,,,,,,,,,,,,,,,,,,,,,,,29,0,0
"114","2012",,,,,,,,,,,,,,,,,,,,,,,,,,,,,,,,,,,,,,,28,1,.03571429
"115","2011",,,,,,,,,,,,,,,,,,,,,,,,,,,,,,,,,,,,,,,223,28,.1256
"115","2012",,,,,,,,,,,,,,,,,,,,,,,,,,,,,,,,,,,,,,,203,39,.19211823
"116","2011",,,,,,,,,,,,,,,,,,,,,,,,,,,,,,,,,,,,,,,162,7,.0432
"116","2012",,,,,,,,,,,,,,,,,,,,,,,,,,,,,,,,,,,,,,,177,3,.01694915
"117","2011",,,,,,,,,,,,,,,,,,,,,,,,,,,,,,,,,,,,,,,26,2,.0769
"117","2012",,,,,,,,,,,,,,,,,,,,,,,,,,,,,,,,,,,,,,,26,1,.03846154
"118","2011",,,,,,,,,,,,,,,,,,,,,,,,,,,,,,,,,,,,,,,319,53,.1661
"118","2012",,,,,,,,,,,,,,,,,,,,,,,,,,,,,,,,,,,,,,,324,31,.09567901
"119","2011",,,,,,,,,,,,,,,,,,,,,,,,,,,,,,,,,,,,,,,232,18,.0776
"119","2012",,,,,,,,,,,,,,,,,,,,,,,,,,,,,,,,,,,,,,,218,7,.03211009
"120","2011",,,,,,,,,,,,,,,,,,,,,,,,,,,,,,,,,,,,,,,20,0,0
"120","2012",,,,,,,,,,,,,,,,,,,,,,,,,,,,,,,,,,,,,,,19,0,0
"121","2011",,,,,,,,,,,,,,,,,,,,,,,,,,,,,,,,,,,,,,,36,0,0
"121","2012",,,,,,,,,,,,,,,,,,,,,,,,,,,,,,,,,,,,,,,37,1,.02702703
"122","2011",,,,,,,,,,,,,,,,,,,,,,,,,,,,,,,,,,,,,,,16,0,0
"122","2012",,,,,,,,,,,,,,,,,,,,,,,,,,,,,,,,,,,,,,,15,0,0
"123","2011",,,,,,,,,,,,,,,,,,,,,,,,,,,,,,,,,,,,,,,28,0,0
"123","2012",,,,,,,,,,,,,,,,,,,,,,,,,,,,,,,,,,,,,,,34,0,0
"124","2011",,,,,,,,,,,,,,,,,,,,,,,,,,,,,,,,,,,,,,,37,0,0
"124","2012",,,,,,,,,,,,,,,,,,,,,,,,,,,,,,,,,,,,,,,38,0,0
"125","2011",,,,,,,,,,,,,,,,,,,,,,,,,,,,,,,,,,,,,,,22,2,.0909
"125","2012",,,,,,,,,,,,,,,,,,,,,,,,,,,,,,,,,,,,,,,21,0,0
"126","2011",,,,,,,,,,,,,,,,,,,,,,,,,,,,,,,,,,,,,,,278,5,.018
"126","2012",,,,,,,,,,,,,,,,,,,,,,,,,,,,,,,,,,,,,,,281,20,.07117438
"127","2011",,,,,,,,,,,,,,,,,,,,,,,,,,,,,,,,,,,,,,,20,0,0
"127","2012",,,,,,,,,,,,,,,,,,,,,,,,,,,,,,,,,,,,,,,19,0,0
"128","2011",,,,,,,,,,,,,,,,,,,,,,,,,,,,,,,,,,,,,,,20,0,0
"128","2012",,,,,,,,,,,,,,,,,,,,,,,,,,,,,,,,,,,,,,,20,0,0
"129","2011",,,,,,,,,,,,,,,,,,,,,,,,,,,,,,,,,,,,,,,23,0,0
"129","2012",,,,,,,,,,,,,,,,,,,,,,,,,,,,,,,,,,,,,,,24,0,0
"130","2011",,,,,,,,,,,,,,,,,,,,,,,,,,,,,,,,,,,,,,,20,0,0
"130","2012",,,,,,,,,,,,,,,,,,,,,,,,,,,,,,,,,,,,,,,22,0,0
"131","2011",,,,,,,,,,,,,,,,,,,,,,,,,,,,,,,,,,,,,,,29,1,.0345
"131","2012",,,,,,,,,,,,,,,,,,,,,,,,,,,,,,,,,,,,,,,27,2,.07407407
"132","2011",,,,,,,,,,,,,,,,,,,,,,,,,,,,,,,,,,,,,,,7,1,.1429
"133","2011",,,,,,,,,,,,,,,,,,,,,,,,,,,,,,,,,,,,,,,14,0,0
"133","2012",,,,,,,,,,,,,,,,,,,,,,,,,,,,,,,,,,,,,,,16,0,0
"134","2011",,,,,,,,,,,,,,,,,,,,,,,,,,,,,,,,,,,,,,,22,0,0
"134","2012",,,,,,,,,,,,,,,,,,,,,,,,,,,,,,,,,,,,,,,22,0,0
"135","2011",,,,,,,,,,,,,,,,,,,,,,,,,,,,,,,,,,,,,,,28,0,0
"135","2012",,,,,,,,,,,,,,,,,,,,,,,,,,,,,,,,,,,,,,,29,1,.03448276
"136","2011",,,,,,,,,,,,,,,,,,,,,,,,,,,,,,,,,,,,,,,33,0,0
"136","2012",,,,,,,,,,,,,,,,,,,,,,,,,,,,,,,,,,,,,,,38,1,.02631579
"137","2011",,,,,,,,,,,,,,,,,,,,,,,,,,,,,,,,,,,,,,,29,0,0
"137","2012",,,,,,,,,,,,,,,,,,,,,,,,,,,,,,,,,,,,,,,29,1,.03448276
"138","2011",,,,,,,,,,,,,,,,,,,,,,,,,,,,,,,,,,,,,,,322,51,.1584
"138","2012",,,,,,,,,,,,,,,,,,,,,,,,,,,,,,,,,,,,,,,314,52,.1656051
"139","2011",,,,,,,,,,,,,,,,,,,,,,,,,,,,,,,,,,,,,,,187,29,.1551
"139","2012",,,,,,,,,,,,,,,,,,,,,,,,,,,,,,,,,,,,,,,175,30,.17142857
"140","2011",,,,,,,,,,,,,,,,,,,,,,,,,,,,,,,,,,,,,,,21,0,0
"140","2012",,,,,,,,,,,,,,,,,,,,,,,,,,,,,,,,,,,,,,,25,1,.04
"141","2011",,,,,,,,,,,,,,,,,,,,,,,,,,,,,,,,,,,,,,,20,0,0
"141","2012",,,,,,,,,,,,,,,,,,,,,,,,,,,,,,,,,,,,,,,20,0,0
"142","2011",,,,,,,,,,,,,,,,,,,,,,,,,,,,,,,,,,,,,,,21,0,0
"142","2012",,,,,,,,,,,,,,,,,,,,,,,,,,,,,,,,,,,,,,,19,0,0
"143","2011",,,,,,,,,,,,,,,,,,,,,,,,,,,,,,,,,,,,,,,21,0,0
"143","2012",,,,,,,,,,,,,,,,,,,,,,,,,,,,,,,,,,,,,,,22,1,.04545455
"145","2011",,,,,,,,,,,,,,,,,,,,,,,,,,,,,,,,,,,,,,,14,0,0
"145","2012",,,,,,,,,,,,,,,,,,,,,,,,,,,,,,,,,,,,,,,14,0,0
"146","2011",,,,,,,,,,,,,,,,,,,,,,,,,,,,,,,,,,,,,,,301,51,.1694
"146","2012",,,,,,,,,,,,,,,,,,,,,,,,,,,,,,,,,,,,,,,314,37,.11783439
"147","2011",,,,,,,,,,,,,,,,,,,,,,,,,,,,,,,,,,,,,,,24,0,0
"147","2012",,,,,,,,,,,,,,,,,,,,,,,,,,,,,,,,,,,,,,,22,1,.04545455
"148","2011",,,,,,,,,,,,,,,,,,,,,,,,,,,,,,,,,,,,,,,265,69,.2604
"148","2012",,,,,,,,,,,,,,,,,,,,,,,,,,,,,,,,,,,,,,,237,72,.30379747
"149","2011",,,,,,,,,,,,,,,,,,,,,,,,,,,,,,,,,,,,,,,26,2,.0769
"149","2012",,,,,,,,,,,,,,,,,,,,,,,,,,,,,,,,,,,,,,,28,0,0
"150","2011",,,,,,,,,,,,,,,,,,,,,,,,,,,,,,,,,,,,,,,27,0,0
"150","2012",,,,,,,,,,,,,,,,,,,,,,,,,,,,,,,,,,,,,,,26,0,0
"152","2011",,,,,,,,,,,,,,,,,,,,,,,,,,,,,,,,,,,,,,,275,62,.2255
"152","2012",,,,,,,,,,,,,,,,,,,,,,,,,,,,,,,,,,,,,,,273,48,.17582418
"153","2011",,,,,,,,,,,,,,,,,,,,,,,,,,,,,,,,,,,,,,,30,0,0
"153","2012",,,,,,,,,,,,,,,,,,,,,,,,,,,,,,,,,,,,,,,32,1,.03125
"154","2011",,,,,,,,,,,,,,,,,,,,,,,,,,,,,,,,,,,,,,,247,25,.1012
"154","2012",,,,,,,,,,,,,,,,,,,,,,,,,,,,,,,,,,,,,,,295,37,.12542373
"155","2011",,,,,,,,,,,,,,,,,,,,,,,,,,,,,,,,,,,,,,,23,0,0
"155","2012",,,,,,,,,,,,,,,,,,,,,,,,,,,,,,,,,,,,,,,20,0,0
"200","2011",,,,,,,,,,,,,,,,,,,,,,,,,,,,,,,,,,,,,,,24,0,0
"200","2012",,,,,,,,,,,,,,,,,,,,,,,,,,,,,,,,,,,,,,,22,0,0
"201","2011",,,,,,,,,,,,,,,,,,,,,,,,,,,,,,,,,,,,,,,163,23,.1411
"201","2012",,,,,,,,,,,,,,,,,,,,,,,,,,,,,,,,,,,,,,,167,24,.14371257
"202","2011",,,,,,,,,,,,,,,,,,,,,,,,,,,,,,,,,,,,,,,286,49,.1713
"202","2012",,,,,,,,,,,,,,,,,,,,,,,,,,,,,,,,,,,,,,,276,35,.12681159
"203","2011",,,,,,,,,,,,,,,,,,,,,,,,,,,,,,,,,,,,,,,48,0,0
"203","2012",,,,,,,,,,,,,,,,,,,,,,,,,,,,,,,,,,,,,,,45,0,0
"204","2011",,,,,,,,,,,,,,,,,,,,,,,,,,,,,,,,,,,,,,,180,20,.1111
"204","2012",,,,,,,,,,,,,,,,,,,,,,,,,,,,,,,,,,,,,,,193,17,.0880829
"206","2011",,,,,,,,,,,,,,,,,,,,,,,,,,,,,,,,,,,,,,,15,0,0
"206","2012",,,,,,,,,,,,,,,,,,,,,,,,,,,,,,,,,,,,,,,14,0,0
"207","2011",,,,,,,,,,,,,,,,,,,,,,,,,,,,,,,,,,,,,,,56,6,.1071
"207","2012",,,,,,,,,,,,,,,,,,,,,,,,,,,,,,,,,,,,,,,62,1,.01612903
"208","2011",,,,,,,,,,,,,,,,,,,,,,,,,,,,,,,,,,,,,,,34,0,0
"208","2012",,,,,,,,,,,,,,,,,,,,,,,,,,,,,,,,,,,,,,,37,0,0
"209","2011",,,,,,,,,,,,,,,,,,,,,,,,,,,,,,,,,,,,,,,29,0,0
"209","2012",,,,,,,,,,,,,,,,,,,,,,,,,,,,,,,,,,,,,,,35,0,0
"210","2011",,,,,,,,,,,,,,,,,,,,,,,,,,,,,,,,,,,,,,,21,0,0
"210","2012",,,,,,,,,,,,,,,,,,,,,,,,,,,,,,,,,,,,,,,26,0,0
"211","2011",,,,,,,,,,,,,,,,,,,,,,,,,,,,,,,,,,,,,,,30,1,.0333
"211","2012",,,,,,,,,,,,,,,,,,,,,,,,,,,,,,,,,,,,,,,30,0,0
"212","2011",,,,,,,,,,,,,,,,,,,,,,,,,,,,,,,,,,,,,,,38,0,0
"212","2012",,,,,,,,,,,,,,,,,,,,,,,,,,,,,,,,,,,,,,,43,0,0
"214","2011",,,,,,,,,,,,,,,,,,,,,,,,,,,,,,,,,,,,,,,487,91,.1869
"214","2012",,,,,,,,,,,,,,,,,,,,,,,,,,,,,,,,,,,,,,,461,90,.19522777
"215","2011",,,,,,,,,,,,,,,,,,,,,,,,,,,,,,,,,,,,,,,25,0,0
"215","2012",,,,,,,,,,,,,,,,,,,,,,,,,,,,,,,,,,,,,,,32,1,.03125
"216","2011",,,,,,,,,,,,,,,,,,,,,,,,,,,,,,,,,,,,,,,505,53,.105
"216","2012",,,,,,,,,,,,,,,,,,,,,,,,,,,,,,,,,,,,,,,501,49,.09780439
"217","2011",,,,,,,,,,,,,,,,,,,,,,,,,,,,,,,,,,,,,,,31,1,.0323
"217","2012",,,,,,,,,,,,,,,,,,,,,,,,,,,,,,,,,,,,,,,35,0,0
"218","2011",,,,,,,,,,,,,,,,,,,,,,,,,,,,,,,,,,,,,,,445,43,.0966
"218","2012",,,,,,,,,,,,,,,,,,,,,,,,,,,,,,,,,,,,,,,458,49,.1069869
"219","2011",,,,,,,,,,,,,,,,,,,,,,,,,,,,,,,,,,,,,,,168,15,.0893
"219","2012",,,,,,,,,,,,,,,,,,,,,,,,,,,,,,,,,,,,,,,179,8,.04469274
"220","2011",,,,,,,,,,,,,,,,,,,,,,,,,,,,,,,,,,,,,,,29,0,0
"220","2012",,,,,,,,,,,,,,,,,,,,,,,,,,,,,,,,,,,,,,,30,2,.06666667
"221","2011",,,,,,,,,,,,,,,,,,,,,,,,,,,,,,,,,,,,,,,37,2,.0541
"221","2012",,,,,,,,,,,,,,,,,,,,,,,,,,,,,,,,,,,,,,,39,1,.02564103
"222","2011",,,,,,,,,,,,,,,,,,,,,,,,,,,,,,,,,,,,,,,37,1,.027
"222","2012",,,,,,,,,,,,,,,,,,,,,,,,,,,,,,,,,,,,,,,42,2,.04761905
"223","2011",,,,,,,,,,,,,,,,,,,,,,,,,,,,,,,,,,,,,,,41,0,0
"223","2012",,,,,,,,,,,,,,,,,,,,,,,,,,,,,,,,,,,,,,,39,0,0
"224","2011",,,,,,,,,,,,,,,,,,,,,,,,,,,,,,,,,,,,,,,241,21,.0871
"224","2012",,,,,,,,,,,,,,,,,,,,,,,,,,,,,,,,,,,,,,,254,14,.05511811
"225","2011",,,,,,,,,,,,,,,,,,,,,,,,,,,,,,,,,,,,,,,22,0,0
"225","2012",,,,,,,,,,,,,,,,,,,,,,,,,,,,,,,,,,,,,,,20,0,0
"226","2011",,,,,,,,,,,,,,,,,,,,,,,,,,,,,,,,,,,,,,,63,5,.0794
"226","2012",,,,,,,,,,,,,,,,,,,,,,,,,,,,,,,,,,,,,,,59,0,0
"227","2011",,,,,,,,,,,,,,,,,,,,,,,,,,,,,,,,,,,,,,,25,2,.08
"227","2012",,,,,,,,,,,,,,,,,,,,,,,,,,,,,,,,,,,,,,,26,0,0
"228","2011",,,,,,,,,,,,,,,,,,,,,,,,,,,,,,,,,,,,,,,11,0,0
"228","2012",,,,,,,,,,,,,,,,,,,,,,,,,,,,,,,,,,,,,,,14,0,0
"229","2011",,,,,,,,,,,,,,,,,,,,,,,,,,,,,,,,,,,,,,,30,2,.0667
"229","2012",,,,,,,,,,,,,,,,,,,,,,,,,,,,,,,,,,,,,,,35,1,.02857143
"230","2011",,,,,,,,,,,,,,,,,,,,,,,,,,,,,,,,,,,,,,,266,83,.312
"230","2012",,,,,,,,,,,,,,,,,,,,,,,,,,,,,,,,,,,,,,,244,33,.1352459
"231","2011",,,,,,,,,,,,,,,,,,,,,,,,,,,,,,,,,,,,,,,28,0,0
"231","2012",,,,,,,,,,,,,,,,,,,,,,,,,,,,,,,,,,,,,,,30,1,.03333333
"232","2011",,,,,,,,,,,,,,,,,,,,,,,,,,,,,,,,,,,,,,,192,49,.2552
"232","2012",,,,,,,,,,,,,,,,,,,,,,,,,,,,,,,,,,,,,,,176,26,.14772727
"233","2011",,,,,,,,,,,,,,,,,,,,,,,,,,,,,,,,,,,,,,,30,1,.0333
"233","2012",,,,,,,,,,,,,,,,,,,,,,,,,,,,,,,,,,,,,,,34,0,0
"234","2011",,,,,,,,,,,,,,,,,,,,,,,,,,,,,,,,,,,,,,,34,0,0
"234","2012",,,,,,,,,,,,,,,,,,,,,,,,,,,,,,,,,,,,,,,31,0,0
"235","2011",,,,,,,,,,,,,,,,,,,,,,,,,,,,,,,,,,,,,,,27,1,.037
"235","2012",,,,,,,,,,,,,,,,,,,,,,,,,,,,,,,,,,,,,,,27,0,0
"236","2011",,,,,,,,,,,,,,,,,,,,,,,,,,,,,,,,,,,,,,,35,1,.0286
"236","2012",,,,,,,,,,,,,,,,,,,,,,,,,,,,,,,,,,,,,,,47,4,.08510638
"237","2011",,,,,,,,,,,,,,,,,,,,,,,,,,,,,,,,,,,,,,,217,28,.129
"237","2012",,,,,,,,,,,,,,,,,,,,,,,,,,,,,,,,,,,,,,,247,40,.16194332
"238","2011",,,,,,,,,,,,,,,,,,,,,,,,,,,,,,,,,,,,,,,498,76,.1526
"238","2012",,,,,,,,,,,,,,,,,,,,,,,,,,,,,,,,,,,,,,,469,64,.13646055
"239","2011",,,,,,,,,,,,,,,,,,,,,,,,,,,,,,,,,,,,,,,47,0,0
"239","2012",,,,,,,,,,,,,,,,,,,,,,,,,,,,,,,,,,,,,,,45,1,.02222222
"240","2011",,,,,,,,,,,,,,,,,,,,,,,,,,,,,,,,,,,,,,,55,0,0
"240","2012",,,,,,,,,,,,,,,,,,,,,,,,,,,,,,,,,,,,,,,55,0,0
"241","2011",,,,,,,,,,,,,,,,,,,,,,,,,,,,,,,,,,,,,,,51,0,0
"241","2012",,,,,,,,,,,,,,,,,,,,,,,,,,,,,,,,,,,,,,,50,0,0
"242","2011",,,,,,,,,,,,,,,,,,,,,,,,,,,,,,,,,,,,,,,34,2,.0588
"242","2012",,,,,,,,,,,,,,,,,,,,,,,,,,,,,,,,,,,,,,,35,0,0
"243","2011",,,,,,,,,,,,,,,,,,,,,,,,,,,,,,,,,,,,,,,32,1,.0312
"243","2012",,,,,,,,,,,,,,,,,,,,,,,,,,,,,,,,,,,,,,,32,2,.0625
"250","2011",,,,,,,,,,,,,,,,,,,,,,,,,,,,,,,,,,,,,,,80,2,.025
"250","2012",,,,,,,,,,,,,,,,,,,,,,,,,,,,,,,,,,,,,,,82,2,.02439024
"251","2011",,,,,,,,,,,,,,,,,,,,,,,,,,,,,,,,,,,,,,,27,1,.037
"251","2012",,,,,,,,,,,,,,,,,,,,,,,,,,,,,,,,,,,,,,,29,1,.03448276
"252","2011",,,,,,,,,,,,,,,,,,,,,,,,,,,,,,,,,,,,,,,586,130,.2218
"252","2012",,,,,,,,,,,,,,,,,,,,,,,,,,,,,,,,,,,,,,,592,73,.12331081
"253","2011",,,,,,,,,,,,,,,,,,,,,,,,,,,,,,,,,,,,,,,66,0,0
"253","2012",,,,,,,,,,,,,,,,,,,,,,,,,,,,,,,,,,,,,,,70,1,.01428571
"254","2011",,,,,,,,,,,,,,,,,,,,,,,,,,,,,,,,,,,,,,,32,1,.0312
"254","2012",,,,,,,,,,,,,,,,,,,,,,,,,,,,,,,,,,,,,,,40,2,.05
"255","2011",,,,,,,,,,,,,,,,,,,,,,,,,,,,,,,,,,,,,,,239,40,.1674
"255","2012",,,,,,,,,,,,,,,,,,,,,,,,,,,,,,,,,,,,,,,247,61,.24696356
"256","2011",,,,,,,,,,,,,,,,,,,,,,,,,,,,,,,,,,,,,,,45,1,.0222
"256","2012",,,,,,,,,,,,,,,,,,,,,,,,,,,,,,,,,,,,,,,45,1,.02222222
"257","2011",,,,,,,,,,,,,,,,,,,,,,,,,,,,,,,,,,,,,,,44,0,0
"257","2012",,,,,,,,,,,,,,,,,,,,,,,,,,,,,,,,,,,,,,,53,1,.01886792
"258","2011",,,,,,,,,,,,,,,,,,,,,,,,,,,,,,,,,,,,,,,43,3,.0698
"258","2012",,,,,,,,,,,,,,,,,,,,,,,,,,,,,,,,,,,,,,,43,2,.04651163
"259","2011",,,,,,,,,,,,,,,,,,,,,,,,,,,,,,,,,,,,,,,28,0,0
"259","2012",,,,,,,,,,,,,,,,,,,,,,,,,,,,,,,,,,,,,,,29,1,.03448276
"260","2011",,,,,,,,,,,,,,,,,,,,,,,,,,,,,,,,,,,,,,,21,0,0
"260","2012",,,,,,,,,,,,,,,,,,,,,,,,,,,,,,,,,,,,,,,23,0,0
"261","2011",,,,,,,,,,,,,,,,,,,,,,,,,,,,,,,,,,,,,,,66,1,.0152
"261","2012",,,,,,,,,,,,,,,,,,,,,,,,,,,,,,,,,,,,,,,69,3,.04347826
"262","2011",,,,,,,,,,,,,,,,,,,,,,,,,,,,,,,,,,,,,,,31,7,.2258
"262","2012",,,,,,,,,,,,,,,,,,,,,,,,,,,,,,,,,,,,,,,31,3,.09677419
"263","2011",,,,,,,,,,,,,,,,,,,,,,,,,,,,,,,,,,,,,,,348,112,.3218
"263","2012",,,,,,,,,,,,,,,,,,,,,,,,,,,,,,,,,,,,,,,326,54,.16564417
"264","2011",,,,,,,,,,,,,,,,,,,,,,,,,,,,,,,,,,,,,,,21,1,.0476
"264","2012",,,,,,,,,,,,,,,,,,,,,,,,,,,,,,,,,,,,,,,25,1,.04
"265","2011",,,,,,,,,,,,,,,,,,,,,,,,,,,,,,,,,,,,,,,27,1,.037
"265","2012",,,,,,,,,,,,,,,,,,,,,,,,,,,,,,,,,,,,,,,31,0,0
"266","2011",,,,,,,,,,,,,,,,,,,,,,,,,,,,,,,,,,,,,,,380,57,.15
"266","2012",,,,,,,,,,,,,,,,,,,,,,,,,,,,,,,,,,,,,,,375,46,.12266667
"267","2011",,,,,,,,,,,,,,,,,,,,,,,,,,,,,,,,,,,,,,,24,0,0
"267","2012",,,,,,,,,,,,,,,,,,,,,,,,,,,,,,,,,,,,,,,21,0,0
"268","2011",,,,,,,,,,,,,,,,,,,,,,,,,,,,,,,,,,,,,,,26,3,.1154
"268","2012",,,,,,,,,,,,,,,,,,,,,,,,,,,,,,,,,,,,,,,26,2,.07692308
"269","2011",,,,,,,,,,,,,,,,,,,,,,,,,,,,,,,,,,,,,,,36,5,.1389
"269","2012",,,,,,,,,,,,,,,,,,,,,,,,,,,,,,,,,,,,,,,36,3,.08333333
"270","2011",,,,,,,,,,,,,,,,,,,,,,,,,,,,,,,,,,,,,,,42,2,.0476
"270","2012",,,,,,,,,,,,,,,,,,,,,,,,,,,,,,,,,,,,,,,39,0,0
"271","2011",,,,,,,,,,,,,,,,,,,,,,,,,,,,,,,,,,,,,,,55,0,0
"271","2012",,,,,,,,,,,,,,,,,,,,,,,,,,,,,,,,,,,,,,,55,2,.03636364
"272","2011",,,,,,,,,,,,,,,,,,,,,,,,,,,,,,,,,,,,,,,307,62,.202
"272","2012",,,,,,,,,,,,,,,,,,,,,,,,,,,,,,,,,,,,,,,306,39,.12745098
"273","2011",,,,,,,,,,,,,,,,,,,,,,,,,,,,,,,,,,,,,,,233,65,.279
"273","2012",,,,,,,,,,,,,,,,,,,,,,,,,,,,,,,,,,,,,,,221,25,.11312217
"274","2011",,,,,,,,,,,,,,,,,,,,,,,,,,,,,,,,,,,,,,,65,1,.0154
"274","2012",,,,,,,,,,,,,,,,,,,,,,,,,,,,,,,,,,,,,,,69,0,0
"275","2011",,,,,,,,,,,,,,,,,,,,,,,,,,,,,,,,,,,,,,,71,26,.3662
"275","2012",,,,,,,,,,,,,,,,,,,,,,,,,,,,,,,,,,,,,,,145,35,.24137931
"276","2011",,,,,,,,,,,,,,,,,,,,,,,,,,,,,,,,,,,,,,,49,1,.0204
"276","2012",,,,,,,,,,,,,,,,,,,,,,,,,,,,,,,,,,,,,,,51,2,.03921569
"277","2011",,,,,,,,,,,,,,,,,,,,,,,,,,,,,,,,,,,,,,,453,59,.1302
"277","2012",,,,,,,,,,,,,,,,,,,,,,,,,,,,,,,,,,,,,,,459,56,.12200436
"278","2011",,,,,,,,,,,,,,,,,,,,,,,,,,,,,,,,,,,,,,,287,49,.1707
"278","2012",,,,,,,,,,,,,,,,,,,,,,,,,,,,,,,,,,,,,,,307,54,.17589577
"279","2011",,,,,,,,,,,,,,,,,,,,,,,,,,,,,,,,,,,,,,,161,7,.0435
"279","2012",,,,,,,,,,,,,,,,,,,,,,,,,,,,,,,,,,,,,,,150,7,.04666667
"280","2011",,,,,,,,,,,,,,,,,,,,,,,,,,,,,,,,,,,,,,,80,2,.025
"280","2012",,,,,,,,,,,,,,,,,,,,,,,,,,,,,,,,,,,,,,,66,1,.01515152
"281","2011",,,,,,,,,,,,,,,,,,,,,,,,,,,,,,,,,,,,,,,41,0,0
"281","2012",,,,,,,,,,,,,,,,,,,,,,,,,,,,,,,,,,,,,,,41,4,.09756098
"282","2011",,,,,,,,,,,,,,,,,,,,,,,,,,,,,,,,,,,,,,,71,0,0
"282","2012",,,,,,,,,,,,,,,,,,,,,,,,,,,,,,,,,,,,,,,64,3,.046875
"283","2011",,,,,,,,,,,,,,,,,,,,,,,,,,,,,,,,,,,,,,,38,0,0
"283","2012",,,,,,,,,,,,,,,,,,,,,,,,,,,,,,,,,,,,,,,42,1,.02380952
"285","2011",,,,,,,,,,,,,,,,,,,,,,,,,,,,,,,,,,,,,,,20,0,0
"285","2012",,,,,,,,,,,,,,,,,,,,,,,,,,,,,,,,,,,,,,,20,0,0
"286","2011",,,,,,,,,,,,,,,,,,,,,,,,,,,,,,,,,,,,,,,28,1,.0357
"286","2012",,,,,,,,,,,,,,,,,,,,,,,,,,,,,,,,,,,,,,,38,2,.05263158
"287","2011",,,,,,,,,,,,,,,,,,,,,,,,,,,,,,,,,,,,,,,54,1,.0185
"287","2012",,,,,,,,,,,,,,,,,,,,,,,,,,,,,,,,,,,,,,,53,1,.01886792
"288","2011",,,,,,,,,,,,,,,,,,,,,,,,,,,,,,,,,,,,,,,31,1,.0323
"288","2012",,,,,,,,,,,,,,,,,,,,,,,,,,,,,,,,,,,,,,,35,0,0
"290","2011",,,,,,,,,,,,,,,,,,,,,,,,,,,,,,,,,,,,,,,36,1,.0278
"290","2012",,,,,,,,,,,,,,,,,,,,,,,,,,,,,,,,,,,,,,,42,0,0
"291","2011",,,,,,,,,,,,,,,,,,,,,,,,,,,,,,,,,,,,,,,310,35,.1129
"291","2012",,,,,,,,,,,,,,,,,,,,,,,,,,,,,,,,,,,,,,,331,16,.04833837
"292","2011",,,,,,,,,,,,,,,,,,,,,,,,,,,,,,,,,,,,,,,455,91,.2
"292","2012",,,,,,,,,,,,,,,,,,,,,,,,,,,,,,,,,,,,,,,476,89,.18697479
"294","2011",,,,,,,,,,,,,,,,,,,,,,,,,,,,,,,,,,,,,,,47,3,.0638
"294","2012",,,,,,,,,,,,,,,,,,,,,,,,,,,,,,,,,,,,,,,46,1,.02173913
"296","2011",,,,,,,,,,,,,,,,,,,,,,,,,,,,,,,,,,,,,,,110,35,.3182
"296","2012",,,,,,,,,,,,,,,,,,,,,,,,,,,,,,,,,,,,,,,134,10,.07462687
"300","2011",,,,,,,,,,,,,,,,,,,,,,,,,,,,,,,,,,,,,,,28,2,.0714
"300","2012",,,,,,,,,,,,,,,,,,,,,,,,,,,,,,,,,,,,,,,31,2,.06451613
"301","2011",,,,,,,,,,,,,,,,,,,,,,,,,,,,,,,,,,,,,,,287,60,.2091
"301","2012",,,,,,,,,,,,,,,,,,,,,,,,,,,,,,,,,,,,,,,315,56,.17777778
"302","2011",,,,,,,,,,,,,,,,,,,,,,,,,,,,,,,,,,,,,,,25,1,.04
"302","2012",,,,,,,,,,,,,,,,,,,,,,,,,,,,,,,,,,,,,,,28,1,.03571429
"303","2011",,,,,,,,,,,,,,,,,,,,,,,,,,,,,,,,,,,,,,,22,2,.0909
"303","2012",,,,,,,,,,,,,,,,,,,,,,,,,,,,,,,,,,,,,,,23,0,0
"304","2011",,,,,,,,,,,,,,,,,,,,,,,,,,,,,,,,,,,,,,,30,1,.0333
"304","2012",,,,,,,,,,,,,,,,,,,,,,,,,,,,,,,,,,,,,,,28,1,.03571429
"305","2011",,,,,,,,,,,,,,,,,,,,,,,,,,,,,,,,,,,,,,,9,0,0
"305","2012",,,,,,,,,,,,,,,,,,,,,,,,,,,,,,,,,,,,,,,9,0,0
"306","2011",,,,,,,,,,,,,,,,,,,,,,,,,,,,,,,,,,,,,,,20,0,0
"306","2012",,,,,,,,,,,,,,,,,,,,,,,,,,,,,,,,,,,,,,,21,0,0
"307","2011",,,,,,,,,,,,,,,,,,,,,,,,,,,,,,,,,,,,,,,431,86,.1995
"307","2012",,,,,,,,,,,,,,,,,,,,,,,,,,,,,,,,,,,,,,,389,57,.14652956
"308","2011",,,,,,,,,,,,,,,,,,,,,,,,,,,,,,,,,,,,,,,28,0,0
"308","2012",,,,,,,,,,,,,,,,,,,,,,,,,,,,,,,,,,,,,,,25,0,0
"309","2011",,,,,,,,,,,,,,,,,,,,,,,,,,,,,,,,,,,,,,,224,44,.1964
"309","2012",,,,,,,,,,,,,,,,,,,,,,,,,,,,,,,,,,,,,,,215,36,.16744186
"310","2011",,,,,,,,,,,,,,,,,,,,,,,,,,,,,,,,,,,,,,,136,19,.1397
"310","2012",,,,,,,,,,,,,,,,,,,,,,,,,,,,,,,,,,,,,,,159,43,.27044025
"311","2011",,,,,,,,,,,,,,,,,,,,,,,,,,,,,,,,,,,,,,,32,1,.0312
"311","2012",,,,,,,,,,,,,,,,,,,,,,,,,,,,,,,,,,,,,,,30,1,.03333333
"312","2011",,,,,,,,,,,,,,,,,,,,,,,,,,,,,,,,,,,,,,,198,26,.1313
"312","2012",,,,,,,,,,,,,,,,,,,,,,,,,,,,,,,,,,,,,,,173,22,.12716763
"313","2011",,,,,,,,,,,,,,,,,,,,,,,,,,,,,,,,,,,,,,,33,1,.0303
"313","2012",,,,,,,,,,,,,,,,,,,,,,,,,,,,,,,,,,,,,,,34,2,.05882353
"314","2011",,,,,,,,,,,,,,,,,,,,,,,,,,,,,,,,,,,,,,,20,1,.05
"314","2012",,,,,,,,,,,,,,,,,,,,,,,,,,,,,,,,,,,,,,,17,1,.05882353
"315","2011",,,,,,,,,,,,,,,,,,,,,,,,,,,,,,,,,,,,,,,33,0,0
"315","2012",,,,,,,,,,,,,,,,,,,,,,,,,,,,,,,,,,,,,,,33,0,0
"317","2011",,,,,,,,,,,,,,,,,,,,,,,,,,,,,,,,,,,,,,,12,1,.0833
"317","2012",,,,,,,,,,,,,,,,,,,,,,,,,,,,,,,,,,,,,,,11,0,0
"318","2011",,,,,,,,,,,,,,,,,,,,,,,,,,,,,,,,,,,,,,,190,43,.2263
"318","2012",,,,,,,,,,,,,,,,,,,,,,,,,,,,,,,,,,,,,,,177,24,.13559322
"319","2011",,,,,,,,,,,,,,,,,,,,,,,,,,,,,,,,,,,,,,,39,1,.0256
"319","2012",,,,,,,,,,,,,,,,,,,,,,,,,,,,,,,,,,,,,,,42,1,.02380952
"320","2011",,,,,,,,,,,,,,,,,,,,,,,,,,,,,,,,,,,,,,,19,1,.0526
"320","2012",,,,,,,,,,,,,,,,,,,,,,,,,,,,,,,,,,,,,,,17,0,0
"321","2011",,,,,,,,,,,,,,,,,,,,,,,,,,,,,,,,,,,,,,,26,0,0
"321","2012",,,,,,,,,,,,,,,,,,,,,,,,,,,,,,,,,,,,,,,24,0,0
"322","2011",,,,,,,,,,,,,,,,,,,,,,,,,,,,,,,,,,,,,,,46,2,.0435
"322","2012",,,,,,,,,,,,,,,,,,,,,,,,,,,,,,,,,,,,,,,47,4,.08510638
"323","2011",,,,,,,,,,,,,,,,,,,,,,,,,,,,,,,,,,,,,,,23,0,0
"323","2012",,,,,,,,,,,,,,,,,,,,,,,,,,,,,,,,,,,,,,,22,0,0
"324","2011",,,,,,,,,,,,,,,,,,,,,,,,,,,,,,,,,,,,,,,16,2,.125
"324","2012",,,,,,,,,,,,,,,,,,,,,,,,,,,,,,,,,,,,,,,17,3,.17647059
"325","2011",,,,,,,,,,,,,,,,,,,,,,,,,,,,,,,,,,,,,,,26,1,.0385
"325","2012",,,,,,,,,,,,,,,,,,,,,,,,,,,,,,,,,,,,,,,26,1,.03846154
"326","2011",,,,,,,,,,,,,,,,,,,,,,,,,,,,,,,,,,,,,,,9,2,.2222
"326","2012",,,,,,,,,,,,,,,,,,,,,,,,,,,,,,,,,,,,,,,6,0,0
"327","2011",,,,,,,,,,,,,,,,,,,,,,,,,,,,,,,,,,,,,,,80,7,.0875
"327","2012",,,,,,,,,,,,,,,,,,,,,,,,,,,,,,,,,,,,,,,94,27,.28723404
"330","2011",,,,,,,,,,,,,,,,,,,,,,,,,,,,,,,,,,,,,,,14,0,0
"330","2012",,,,,,,,,,,,,,,,,,,,,,,,,,,,,,,,,,,,,,,13,0,0
"331","2011",,,,,,,,,,,,,,,,,,,,,,,,,,,,,,,,,,,,,,,25,1,.04
"331","2012",,,,,,,,,,,,,,,,,,,,,,,,,,,,,,,,,,,,,,,28,2,.07142857
"335","2011",,,,,,,,,,,,,,,,,,,,,,,,,,,,,,,,,,,,,,,24,0,0
"335","2012",,,,,,,,,,,,,,,,,,,,,,,,,,,,,,,,,,,,,,,27,1,.03703704
"351","2011",,,,,,,,,,,,,,,,,,,,,,,,,,,,,,,,,,,,,,,22,0,0
"351","2012",,,,,,,,,,,,,,,,,,,,,,,,,,,,,,,,,,,,,,,22,1,.04545455
"352","2011",,,,,,,,,,,,,,,,,,,,,,,,,,,,,,,,,,,,,,,9,0,0
"352","2012",,,,,,,,,,,,,,,,,,,,,,,,,,,,,,,,,,,,,,,10,0,0
"353","2011",,,,,,,,,,,,,,,,,,,,,,,,,,,,,,,,,,,,,,,50,0,0
"353","2012",,,,,,,,,,,,,,,,,,,,,,,,,,,,,,,,,,,,,,,48,0,0
"354","2011",,,,,,,,,,,,,,,,,,,,,,,,,,,,,,,,,,,,,,,382,54,.1414
"354","2012",,,,,,,,,,,,,,,,,,,,,,,,,,,,,,,,,,,,,,,363,106,.29201102
"355","2011",,,,,,,,,,,,,,,,,,,,,,,,,,,,,,,,,,,,,,,312,30,.0962
"355","2012",,,,,,,,,,,,,,,,,,,,,,,,,,,,,,,,,,,,,,,308,11,.03571429
"356","2011",,,,,,,,,,,,,,,,,,,,,,,,,,,,,,,,,,,,,,,180,13,.0722
"356","2012",,,,,,,,,,,,,,,,,,,,,,,,,,,,,,,,,,,,,,,131,9,.06870229
"357","2011",,,,,,,,,,,,,,,,,,,,,,,,,,,,,,,,,,,,,,,30,1,.0333
"357","2012",,,,,,,,,,,,,,,,,,,,,,,,,,,,,,,,,,,,,,,36,2,.05555556
"358","2011",,,,,,,,,,,,,,,,,,,,,,,,,,,,,,,,,,,,,,,26,1,.0385
"358","2012",,,,,,,,,,,,,,,,,,,,,,,,,,,,,,,,,,,,,,,27,1,.03703704
"359","2011",,,,,,,,,,,,,,,,,,,,,,,,,,,,,,,,,,,,,,,10,0,0
"359","2012",,,,,,,,,,,,,,,,,,,,,,,,,,,,,,,,,,,,,,,10,0,0
"360","2011",,,,,,,,,,,,,,,,,,,,,,,,,,,,,,,,,,,,,,,215,55,.2558
"360","2012",,,,,,,,,,,,,,,,,,,,,,,,,,,,,,,,,,,,,,,205,28,.13658537
"361","2011",,,,,,,,,,,,,,,,,,,,,,,,,,,,,,,,,,,,,,,19,0,0
"361","2012",,,,,,,,,,,,,,,,,,,,,,,,,,,,,,,,,,,,,,,20,0,0
"363","2011",,,,,,,,,,,,,,,,,,,,,,,,,,,,,,,,,,,,,,,10,0,0
"363","2012",,,,,,,,,,,,,,,,,,,,,,,,,,,,,,,,,,,,,,,9,0,0
"365","2011",,,,,,,,,,,,,,,,,,,,,,,,,,,,,,,,,,,,,,,68,19,.2794
"365","2012",,,,,,,,,,,,,,,,,,,,,,,,,,,,,,,,,,,,,,,57,6,.10526316
"366","2011",,,,,,,,,,,,,,,,,,,,,,,,,,,,,,,,,,,,,,,65,25,.3846
"366","2012",,,,,,,,,,,,,,,,,,,,,,,,,,,,,,,,,,,,,,,59,18,.30508475
"367","2011",,,,,,,,,,,,,,,,,,,,,,,,,,,,,,,,,,,,,,,24,0,0
"367","2012",,,,,,,,,,,,,,,,,,,,,,,,,,,,,,,,,,,,,,,24,0,0
"368","2011",,,,,,,,,,,,,,,,,,,,,,,,,,,,,,,,,,,,,,,160,18,.1125
"368","2012",,,,,,,,,,,,,,,,,,,,,,,,,,,,,,,,,,,,,,,157,6,.03821656
"369","2011",,,,,,,,,,,,,,,,,,,,,,,,,,,,,,,,,,,,,,,16,0,0
"369","2012",,,,,,,,,,,,,,,,,,,,,,,,,,,,,,,,,,,,,,,15,0,0
"370","2011",,,,,,,,,,,,,,,,,,,,,,,,,,,,,,,,,,,,,,,240,8,.0333
"370","2012",,,,,,,,,,,,,,,,,,,,,,,,,,,,,,,,,,,,,,,236,19,.08050847
"371","2011",,,,,,,,,,,,,,,,,,,,,,,,,,,,,,,,,,,,,,,31,0,0
"371","2012",,,,,,,,,,,,,,,,,,,,,,,,,,,,,,,,,,,,,,,35,4,.11428571
"372","2011",,,,,,,,,,,,,,,,,,,,,,,,,,,,,,,,,,,,,,,21,0,0
"372","2012",,,,,,,,,,,,,,,,,,,,,,,,,,,,,,,,,,,,,,,22,1,.04545455
"373","2011",,,,,,,,,,,,,,,,,,,,,,,,,,,,,,,,,,,,,,,89,14,.1573
"373","2012",,,,,,,,,,,,,,,,,,,,,,,,,,,,,,,,,,,,,,,98,18,.18367347
"374","2011",,,,,,,,,,,,,,,,,,,,,,,,,,,,,,,,,,,,,,,164,16,.0976
"374","2012",,,,,,,,,,,,,,,,,,,,,,,,,,,,,,,,,,,,,,,169,8,.04733728
"375","2011",,,,,,,,,,,,,,,,,,,,,,,,,,,,,,,,,,,,,,,36,1,.0278
"375","2012",,,,,,,,,,,,,,,,,,,,,,,,,,,,,,,,,,,,,,,34,0,0
"376","2011",,,,,,,,,,,,,,,,,,,,,,,,,,,,,,,,,,,,,,,141,27,.1915
"376","2012",,,,,,,,,,,,,,,,,,,,,,,,,,,,,,,,,,,,,,,155,34,.21935484
"377","2011",,,,,,,,,,,,,,,,,,,,,,,,,,,,,,,,,,,,,,,60,14,.2333
"377","2012",,,,,,,,,,,,,,,,,,,,,,,,,,,,,,,,,,,,,,,55,10,.18181818
"378","2011",,,,,,,,,,,,,,,,,,,,,,,,,,,,,,,,,,,,,,,34,11,.3235
"378","2012",,,,,,,,,,,,,,,,,,,,,,,,,,,,,,,,,,,,,,,31,4,.12903226
"379","2011",,,,,,,,,,,,,,,,,,,,,,,,,,,,,,,,,,,,,,,26,1,.0385
"379","2012",,,,,,,,,,,,,,,,,,,,,,,,,,,,,,,,,,,,,,,32,1,.03125
"380","2011",,,,,,,,,,,,,,,,,,,,,,,,,,,,,,,,,,,,,,,29,1,.0345
"380","2012",,,,,,,,,,,,,,,,,,,,,,,,,,,,,,,,,,,,,,,32,3,.09375
"381","2011",,,,,,,,,,,,,,,,,,,,,,,,,,,,,,,,,,,,,,,25,0,0
"381","2012",,,,,,,,,,,,,,,,,,,,,,,,,,,,,,,,,,,,,,,28,1,.03571429
"382","2011",,,,,,,,,,,,,,,,,,,,,,,,,,,,,,,,,,,,,,,39,11,.2821
"382","2012",,,,,,,,,,,,,,,,,,,,,,,,,,,,,,,,,,,,,,,34,3,.08823529
"383","2011",,,,,,,,,,,,,,,,,,,,,,,,,,,,,,,,,,,,,,,326,58,.1779
"383","2012",,,,,,,,,,,,,,,,,,,,,,,,,,,,,,,,,,,,,,,278,37,.13309353
"384","2011",,,,,,,,,,,,,,,,,,,,,,,,,,,,,,,,,,,,,,,49,0,0
"384","2012",,,,,,,,,,,,,,,,,,,,,,,,,,,,,,,,,,,,,,,48,0,0
"385","2011",,,,,,,,,,,,,,,,,,,,,,,,,,,,,,,,,,,,,,,213,18,.0845
"385","2012",,,,,,,,,,,,,,,,,,,,,,,,,,,,,,,,,,,,,,,220,21,.09545455
"386","2011",,,,,,,,,,,,,,,,,,,,,,,,,,,,,,,,,,,,,,,43,0,0
"386","2012",,,,,,,,,,,,,,,,,,,,,,,,,,,,,,,,,,,,,,,43,0,0
"387","2011",,,,,,,,,,,,,,,,,,,,,,,,,,,,,,,,,,,,,,,38,0,0
"387","2012",,,,,,,,,,,,,,,,,,,,,,,,,,,,,,,,,,,,,,,35,0,0
"388","2011",,,,,,,,,,,,,,,,,,,,,,,,,,,,,,,,,,,,,,,56,4,.0714
"388","2012",,,,,,,,,,,,,,,,,,,,,,,,,,,,,,,,,,,,,,,66,4,.06060606
"389","2011",,,,,,,,,,,,,,,,,,,,,,,,,,,,,,,,,,,,,,,268,36,.1343
"389","2012",,,,,,,,,,,,,,,,,,,,,,,,,,,,,,,,,,,,,,,250,22,.088
"390","2011",,,,,,,,,,,,,,,,,,,,,,,,,,,,,,,,,,,,,,,251,18,.0717
"390","2012",,,,,,,,,,,,,,,,,,,,,,,,,,,,,,,,,,,,,,,247,3,.01214575
"391","2011",,,,,,,,,,,,,,,,,,,,,,,,,,,,,,,,,,,,,,,39,0,0
"391","2012",,,,,,,,,,,,,,,,,,,,,,,,,,,,,,,,,,,,,,,39,2,.05128205
"392","2011",,,,,,,,,,,,,,,,,,,,,,,,,,,,,,,,,,,,,,,277,30,.1083
"392","2012",,,,,,,,,,,,,,,,,,,,,,,,,,,,,,,,,,,,,,,275,23,.08363636
"393","2011",,,,,,,,,,,,,,,,,,,,,,,,,,,,,,,,,,,,,,,91,18,.1978
"393","2012",,,,,,,,,,,,,,,,,,,,,,,,,,,,,,,,,,,,,,,89,14,.15730337
"394","2011",,,,,,,,,,,,,,,,,,,,,,,,,,,,,,,,,,,,,,,32,9,.2812
"394","2012",,,,,,,,,,,,,,,,,,,,,,,,,,,,,,,,,,,,,,,113,30,.26548673
"395","2011",,,,,,,,,,,,,,,,,,,,,,,,,,,,,,,,,,,,,,,26,0,0
"395","2012",,,,,,,,,,,,,,,,,,,,,,,,,,,,,,,,,,,,,,,27,1,.03703704
"396","2011",,,,,,,,,,,,,,,,,,,,,,,,,,,,,,,,,,,,,,,57,5,.0877
"396","2012",,,,,,,,,,,,,,,,,,,,,,,,,,,,,,,,,,,,,,,46,13,.2826087
"397","2011",,,,,,,,,,,,,,,,,,,,,,,,,,,,,,,,,,,,,,,123,97,.7886
"397","2012",,,,,,,,,,,,,,,,,,,,,,,,,,,,,,,,,,,,,,,94,57,.60638298
"398","2011",,,,,,,,,,,,,,,,,,,,,,,,,,,,,,,,,,,,,,,5,4,.8
"398","2012",,,,,,,,,,,,,,,,,,,,,,,,,,,,,,,,,,,,,,,6,3,.5
"399","2011",,,,,,,,,,,,,,,,,,,,,,,,,,,,,,,,,,,,,,,73,4,.0548
"399","2012",,,,,,,,,,,,,,,,,,,,,,,,,,,,,,,,,,,,,,,58,4,.06896552
"400","2011",,,,,,,,,,,,,,,,,,,,,,,,,,,,,,,,,,,,,,,320,43,.1344
"400","2012",,,,,,,,,,,,,,,,,,,,,,,,,,,,,,,,,,,,,,,306,54,.17647059
"401","2011",,,,,,,,,,,,,,,,,,,,,,,,,,,,,,,,,,,,,,,26,1,.0385
"401","2012",,,,,,,,,,,,,,,,,,,,,,,,,,,,,,,,,,,,,,,29,0,0
"402","2011",,,,,,,,,,,,,,,,,,,,,,,,,,,,,,,,,,,,,,,62,1,.0161
"402","2012",,,,,,,,,,,,,,,,,,,,,,,,,,,,,,,,,,,,,,,48,2,.04166667
"404","2011",,,,,,,,,,,,,,,,,,,,,,,,,,,,,,,,,,,,,,,189,16,.0847
"404","2012",,,,,,,,,,,,,,,,,,,,,,,,,,,,,,,,,,,,,,,188,12,.06382979
"405","2011",,,,,,,,,,,,,,,,,,,,,,,,,,,,,,,,,,,,,,,54,8,.1481
"405","2012",,,,,,,,,,,,,,,,,,,,,,,,,,,,,,,,,,,,,,,56,2,.03571429
"406","2011",,,,,,,,,,,,,,,,,,,,,,,,,,,,,,,,,,,,,,,43,1,.0233
"406","2012",,,,,,,,,,,,,,,,,,,,,,,,,,,,,,,,,,,,,,,46,1,.02173913
"407","2011",,,,,,,,,,,,,,,,,,,,,,,,,,,,,,,,,,,,,,,17,0,0
"407","2012",,,,,,,,,,,,,,,,,,,,,,,,,,,,,,,,,,,,,,,17,0,0
"409","2011",,,,,,,,,,,,,,,,,,,,,,,,,,,,,,,,,,,,,,,54,0,0
"409","2012",,,,,,,,,,,,,,,,,,,,,,,,,,,,,,,,,,,,,,,59,1,.01694915
"410","2011",,,,,,,,,,,,,,,,,,,,,,,,,,,,,,,,,,,,,,,9,0,0
"410","2012",,,,,,,,,,,,,,,,,,,,,,,,,,,,,,,,,,,,,,,9,0,0
"411","2011",,,,,,,,,,,,,,,,,,,,,,,,,,,,,,,,,,,,,,,28,2,.0714
"411","2012",,,,,,,,,,,,,,,,,,,,,,,,,,,,,,,,,,,,,,,28,4,.14285714
"412","2011",,,,,,,,,,,,,,,,,,,,,,,,,,,,,,,,,,,,,,,24,1,.0417
"412","2012",,,,,,,,,,,,,,,,,,,,,,,,,,,,,,,,,,,,,,,23,1,.04347826
"413","2011",,,,,,,,,,,,,,,,,,,,,,,,,,,,,,,,,,,,,,,158,13,.0823
"413","2012",,,,,,,,,,,,,,,,,,,,,,,,,,,,,,,,,,,,,,,156,2,.01282051
"414","2011",,,,,,,,,,,,,,,,,,,,,,,,,,,,,,,,,,,,,,,265,21,.0792
"414","2012",,,,,,,,,,,,,,,,,,,,,,,,,,,,,,,,,,,,,,,293,57,.19453925
"415","2011",,,,,,,,,,,,,,,,,,,,,,,,,,,,,,,,,,,,,,,151,37,.245
"415","2012",,,,,,,,,,,,,,,,,,,,,,,,,,,,,,,,,,,,,,,146,22,.15068493
"416","2011",,,,,,,,,,,,,,,,,,,,,,,,,,,,,,,,,,,,,,,55,2,.0364
"416","2012",,,,,,,,,,,,,,,,,,,,,,,,,,,,,,,,,,,,,,,58,1,.01724138
"417","2011",,,,,,,,,,,,,,,,,,,,,,,,,,,,,,,,,,,,,,,29,0,0
"417","2012",,,,,,,,,,,,,,,,,,,,,,,,,,,,,,,,,,,,,,,31,2,.06451613
"418","2011",,,,,,,,,,,,,,,,,,,,,,,,,,,,,,,,,,,,,,,412,65,.1578
"418","2012",,,,,,,,,,,,,,,,,,,,,,,,,,,,,,,,,,,,,,,399,59,.14786967
"419","2011",,,,,,,,,,,,,,,,,,,,,,,,,,,,,,,,,,,,,,,7,2,.2857
"419","2012",,,,,,,,,,,,,,,,,,,,,,,,,,,,,,,,,,,,,,,6,2,.33333333
"420","2011",,,,,,,,,,,,,,,,,,,,,,,,,,,,,,,,,,,,,,,237,27,.1139
"420","2012",,,,,,,,,,,,,,,,,,,,,,,,,,,,,,,,,,,,,,,243,31,.12757202
"421","2011",,,,,,,,,,,,,,,,,,,,,,,,,,,,,,,,,,,,,,,142,32,.2254
"421","2012",,,,,,,,,,,,,,,,,,,,,,,,,,,,,,,,,,,,,,,143,24,.16783217
"422","2011",,,,,,,,,,,,,,,,,,,,,,,,,,,,,,,,,,,,,,,15,2,.1333
"422","2012",,,,,,,,,,,,,,,,,,,,,,,,,,,,,,,,,,,,,,,17,3,.17647059
"424","2011",,,,,,,,,,,,,,,,,,,,,,,,,,,,,,,,,,,,,,,41,2,.0488
"424","2012",,,,,,,,,,,,,,,,,,,,,,,,,,,,,,,,,,,,,,,47,0,0
"425","2011",,,,,,,,,,,,,,,,,,,,,,,,,,,,,,,,,,,,,,,50,3,.06
"425","2012",,,,,,,,,,,,,,,,,,,,,,,,,,,,,,,,,,,,,,,55,5,.09090909
"426","2011",,,,,,,,,,,,,,,,,,,,,,,,,,,,,,,,,,,,,,,28,0,0
"426","2012",,,,,,,,,,,,,,,,,,,,,,,,,,,,,,,,,,,,,,,30,0,0
"428","2011",,,,,,,,,,,,,,,,,,,,,,,,,,,,,,,,,,,,,,,233,34,.1459
"428","2012",,,,,,,,,,,,,,,,,,,,,,,,,,,,,,,,,,,,,,,249,26,.10441767
"429","2011",,,,,,,,,,,,,,,,,,,,,,,,,,,,,,,,,,,,,,,41,2,.0488
"429","2012",,,,,,,,,,,,,,,,,,,,,,,,,,,,,,,,,,,,,,,42,2,.04761905
"430","2011",,,,,,,,,,,,,,,,,,,,,,,,,,,,,,,,,,,,,,,169,25,.1479
"430","2012",,,,,,,,,,,,,,,,,,,,,,,,,,,,,,,,,,,,,,,160,8,.05
"431","2011",,,,,,,,,,,,,,,,,,,,,,,,,,,,,,,,,,,,,,,32,0,0
"431","2012",,,,,,,,,,,,,,,,,,,,,,,,,,,,,,,,,,,,,,,36,2,.05555556
"433","2011",,,,,,,,,,,,,,,,,,,,,,,,,,,,,,,,,,,,,,,36,2,.0556
"433","2012",,,,,,,,,,,,,,,,,,,,,,,,,,,,,,,,,,,,,,,37,0,0
"434","2011",,,,,,,,,,,,,,,,,,,,,,,,,,,,,,,,,,,,,,,49,10,.2041
"434","2012",,,,,,,,,,,,,,,,,,,,,,,,,,,,,,,,,,,,,,,54,8,.14814815
"435","2011",,,,,,,,,,,,,,,,,,,,,,,,,,,,,,,,,,,,,,,239,34,.1423
"435","2012",,,,,,,,,,,,,,,,,,,,,,,,,,,,,,,,,,,,,,,235,20,.08510638
"447","2011",,,,,,,,,,,,,,,,,,,,,,,,,,,,,,,,,,,,,,,118,13,.1102
"447","2012",,,,,,,,,,,,,,,,,,,,,,,,,,,,,,,,,,,,,,,127,16,.12598425
"448","2011",,,,,,,,,,,,,,,,,,,,,,,,,,,,,,,,,,,,,,,225,15,.0667
"448","2012",,,,,,,,,,,,,,,,,,,,,,,,,,,,,,,,,,,,,,,247,15,.06072874
"451","2011",,,,,,,,,,,,,,,,,,,,,,,,,,,,,,,,,,,,,,,23,0,0
"451","2012",,,,,,,,,,,,,,,,,,,,,,,,,,,,,,,,,,,,,,,25,0,0
"452","2011",,,,,,,,,,,,,,,,,,,,,,,,,,,,,,,,,,,,,,,12,0,0
"452","2012",,,,,,,,,,,,,,,,,,,,,,,,,,,,,,,,,,,,,,,16,0,0
"453","2011",,,,,,,,,,,,,,,,,,,,,,,,,,,,,,,,,,,,,,,25,0,0
"453","2012",,,,,,,,,,,,,,,,,,,,,,,,,,,,,,,,,,,,,,,28,0,0
"454","2011",,,,,,,,,,,,,,,,,,,,,,,,,,,,,,,,,,,,,,,44,0,0
"454","2012",,,,,,,,,,,,,,,,,,,,,,,,,,,,,,,,,,,,,,,50,2,.04
"455","2011",,,,,,,,,,,,,,,,,,,,,,,,,,,,,,,,,,,,,,,221,19,.086
"455","2012",,,,,,,,,,,,,,,,,,,,,,,,,,,,,,,,,,,,,,,252,29,.11507937
"456","2011",,,,,,,,,,,,,,,,,,,,,,,,,,,,,,,,,,,,,,,289,53,.1834
"456","2012",,,,,,,,,,,,,,,,,,,,,,,,,,,,,,,,,,,,,,,288,48,.16666667
"457","2011",,,,,,,,,,,,,,,,,,,,,,,,,,,,,,,,,,,,,,,34,1,.0294
"457","2012",,,,,,,,,,,,,,,,,,,,,,,,,,,,,,,,,,,,,,,41,2,.04878049
"458","2011",,,,,,,,,,,,,,,,,,,,,,,,,,,,,,,,,,,,,,,19,1,.0526
"458","2012",,,,,,,,,,,,,,,,,,,,,,,,,,,,,,,,,,,,,,,22,1,.04545455
"459","2011",,,,,,,,,,,,,,,,,,,,,,,,,,,,,,,,,,,,,,,17,0,0
"459","2012",,,,,,,,,,,,,,,,,,,,,,,,,,,,,,,,,,,,,,,17,1,.05882353
"460","2011",,,,,,,,,,,,,,,,,,,,,,,,,,,,,,,,,,,,,,,16,0,0
"460","2012",,,,,,,,,,,,,,,,,,,,,,,,,,,,,,,,,,,,,,,15,1,.06666667
"461","2011",,,,,,,,,,,,,,,,,,,,,,,,,,,,,,,,,,,,,,,13,13,1
"461","2012",,,,,,,,,,,,,,,,,,,,,,,,,,,,,,,,,,,,,,,20,20,1
"462","2011",,,,,,,,,,,,,,,,,,,,,,,,,,,,,,,,,,,,,,,144,23,.1597
"462","2012",,,,,,,,,,,,,,,,,,,,,,,,,,,,,,,,,,,,,,,150,27,.18
"463","2011",,,,,,,,,,,,,,,,,,,,,,,,,,,,,,,,,,,,,,,50,0,0
"463","2012",,,,,,,,,,,,,,,,,,,,,,,,,,,,,,,,,,,,,,,53,0,0
"464","2011",,,,,,,,,,,,,,,,,,,,,,,,,,,,,,,,,,,,,,,115,13,.113
"464","2012",,,,,,,,,,,,,,,,,,,,,,,,,,,,,,,,,,,,,,,115,12,.10434783
"466","2011",,,,,,,,,,,,,,,,,,,,,,,,,,,,,,,,,,,,,,,35,0,0
"466","2012",,,,,,,,,,,,,,,,,,,,,,,,,,,,,,,,,,,,,,,27,0,0
"470","2011",,,,,,,,,,,,,,,,,,,,,,,,,,,,,,,,,,,,,,,74,39,.527
"470","2012",,,,,,,,,,,,,,,,,,,,,,,,,,,,,,,,,,,,,,,97,42,.43298969
"475","2011",,,,,,,,,,,,,,,,,,,,,,,,,,,,,,,,,,,,,,,229,93,.4061
"475","2012",,,,,,,,,,,,,,,,,,,,,,,,,,,,,,,,,,,,,,,200,66,.33
"540","2011",,,,,,,,,,,,,,,,,,,,,,,,,,,,,,,,,,,,,,,26,4,.1538
"540","2012",,,,,,,,,,,,,,,,,,,,,,,,,,,,,,,,,,,,,,,30,21,.7
"541","2011",,,,,,,,,,,,,,,,,,,,,,,,,,,,,,,,,,,,,,,32,5,.1562
"541","2012",,,,,,,,,,,,,,,,,,,,,,,,,,,,,,,,,,,,,,,24,7,.29166667
"542","2011",,,,,,,,,,,,,,,,,,,,,,,,,,,,,,,,,,,,,,,37,20,.5405
"542","2012",,,,,,,,,,,,,,,,,,,,,,,,,,,,,,,,,,,,,,,38,14,.36842105
"543","2011",,,,,,,,,,,,,,,,,,,,,,,,,,,,,,,,,,,,,,,53,29,.5472
"543","2012",,,,,,,,,,,,,,,,,,,,,,,,,,,,,,,,,,,,,,,61,21,.3442623
"544","2011",,,,,,,,,,,,,,,,,,,,,,,,,,,,,,,,,,,,,,,81,28,.3457
"544","2012",,,,,,,,,,,,,,,,,,,,,,,,,,,,,,,,,,,,,,,82,26,.31707317
"545","2011",,,,,,,,,,,,,,,,,,,,,,,,,,,,,,,,,,,,,,,34,5,.1471
"545","2012",,,,,,,,,,,,,,,,,,,,,,,,,,,,,,,,,,,,,,,66,6,.09090909
"546","2011",,,,,,,,,,,,,,,,,,,,,,,,,,,,,,,,,,,,,,,38,7,.1842
"546","2012",,,,,,,,,,,,,,,,,,,,,,,,,,,,,,,,,,,,,,,57,17,.29824561
"547","2011",,,,,,,,,,,,,,,,,,,,,,,,,,,,,,,,,,,,,,,30,10,.3333
"547","2012",,,,,,,,,,,,,,,,,,,,,,,,,,,,,,,,,,,,,,,33,14,.42424242
"548","2011",,,,,,,,,,,,,,,,,,,,,,,,,,,,,,,,,,,,,,,19,1,.0526
"548","2012",,,,,,,,,,,,,,,,,,,,,,,,,,,,,,,,,,,,,,,16,1,.0625
"549","2011",,,,,,,,,,,,,,,,,,,,,,,,,,,,,,,,,,,,,,,28,13,.4643
"549","2012",,,,,,,,,,,,,,,,,,,,,,,,,,,,,,,,,,,,,,,28,14,.5
"551","2011",,,,,,,,,,,,,,,,,,,,,,,,,,,,,,,,,,,,,,,87,25,.2874
"551","2012",,,,,,,,,,,,,,,,,,,,,,,,,,,,,,,,,,,,,,,69,0,0
"554","2011",,,,,,,,,,,,,,,,,,,,,,,,,,,,,,,,,,,,,,,103,29,.2816
"554","2012",,,,,,,,,,,,,,,,,,,,,,,,,,,,,,,,,,,,,,,122,37,.30327869
"556","2011",,,,,,,,,,,,,,,,,,,,,,,,,,,,,,,,,,,,,,,25,10,.4
"556","2012",,,,,,,,,,,,,,,,,,,,,,,,,,,,,,,,,,,,,,,35,29,.82857143
"557","2011",,,,,,,,,,,,,,,,,,,,,,,,,,,,,,,,,,,,,,,29,14,.4828
"557","2012",,,,,,,,,,,,,,,,,,,,,,,,,,,,,,,,,,,,,,,7,3,.42857143
"560","2011",,,,,,,,,,,,,,,,,,,,,,,,,,,,,,,,,,,,,,,28,1,.0357
"560","2012",,,,,,,,,,,,,,,,,,,,,,,,,,,,,,,,,,,,,,,23,4,.17391304
"561","2011",,,,,,,,,,,,,,,,,,,,,,,,,,,,,,,,,,,,,,,33,18,.5455
"561","2012",,,,,,,,,,,,,,,,,,,,,,,,,,,,,,,,,,,,,,,186,95,.51075269
"562","2011",,,,,,,,,,,,,,,,,,,,,,,,,,,,,,,,,,,,,,,33,19,.5758
"562","2012",,,,,,,,,,,,,,,,,,,,,,,,,,,,,,,,,,,,,,,56,34,.60714286
"563","2011",,,,,,,,,,,,,,,,,,,,,,,,,,,,,,,,,,,,,,,39,6,.1538
"563","2012",,,,,,,,,,,,,,,,,,,,,,,,,,,,,,,,,,,,,,,20,6,.3
"564","2011",,,,,,,,,,,,,,,,,,,,,,,,,,,,,,,,,,,,,,,28,19,.6786
"564","2012",,,,,,,,,,,,,,,,,,,,,,,,,,,,,,,,,,,,,,,44,32,.72727273
"565","2011",,,,,,,,,,,,,,,,,,,,,,,,,,,,,,,,,,,,,,,43,20,.4651
"565","2012",,,,,,,,,,,,,,,,,,,,,,,,,,,,,,,,,,,,,,,58,44,.75862069
"566","2011",,,,,,,,,,,,,,,,,,,,,,,,,,,,,,,,,,,,,,,9,7,.7778
"566","2012",,,,,,,,,,,,,,,,,,,,,,,,,,,,,,,,,,,,,,,27,21,.77777778
